USD/ZAR,,,,,単純移動平均,,
日付,始値,高値,安値,終値,期間A[5],期間C[25],
2020/10/16 00:00,16.6785,16.6891,16.6560,16.6600,16.6430,16.5281,
2020/10/15 20:00,16.6945,16.7125,16.6436,16.6776,16.6134,16.5197,
2020/10/15 16:00,16.6191,16.7147,16.5827,16.6947,16.5838,16.5095,
2020/10/15 12:00,16.5654,16.6320,16.5412,16.6180,16.5423,16.5009,
2020/10/15 08:00,16.5145,16.5711,16.5115,16.5649,16.5267,16.4974,
2020/10/15 04:00,16.5309,16.5394,16.4811,16.5118,16.5140,16.4958,
2020/10/15 00:00,16.4879,16.5536,16.4677,16.5298,16.5015,16.4976,
2020/10/14 20:00,16.5376,16.5476,16.4511,16.4868,16.4873,16.5001,
2020/10/14 16:00,16.5008,16.5791,16.4799,16.5400,16.4871,16.5040,
2020/10/14 12:00,16.4481,16.5203,16.4457,16.5015,16.4818,16.5060,
2020/10/14 08:00,16.4614,16.4677,16.4362,16.4496,16.4744,16.5082,
2020/10/14 04:00,16.4846,16.4864,16.4481,16.4587,16.4935,16.5155,
2020/10/14 00:00,16.5150,16.5471,16.4392,16.4857,16.5147,16.5218,
2020/10/13 20:00,16.4621,16.5560,16.4282,16.5135,16.5177,16.5276,
2020/10/13 16:00,16.5440,16.5696,16.4557,16.4644,16.5181,16.5331,
2020/10/13 12:00,16.5641,16.5680,16.5050,16.5454,16.5191,16.5410,
2020/10/13 08:00,16.4990,16.5769,16.4959,16.5644,16.5166,16.5441,
2020/10/13 04:00,16.5155,16.5155,16.4760,16.5009,16.5010,16.5479,
2020/10/13 00:00,16.4691,16.5178,16.4601,16.5155,16.4980,16.5563,
2020/10/12 20:00,16.5328,16.5533,16.4685,16.4692,16.4924,16.5629,
2020/10/12 16:00,16.4871,16.5751,16.4566,16.5328,16.4901,16.5641,
2020/10/12 12:00,16.4857,16.5014,16.4434,16.4868,16.4733,16.5655,
2020/10/12 08:00,16.4853,16.5124,16.4772,16.4857,16.4607,16.5697,
2020/10/12 04:00,16.4750,16.5026,16.4738,16.4873,16.4594,16.5713,
2020/10/10 04:00,16.4474,16.4698,16.4283,16.4580,16.4679,16.5731,
2020/10/10 00:00,16.4237,16.4748,16.3991,16.4486,16.4813,16.5784,
2020/10/09 20:00,16.4803,16.4867,16.4034,16.4241,16.5031,16.5790,
2020/10/09 16:00,16.5291,16.5291,16.4478,16.4791,16.5365,16.5790,
2020/10/09 12:00,16.5265,16.5568,16.5008,16.5299,16.5576,16.5774,
2020/10/09 08:00,16.5605,16.5783,16.5225,16.5248,16.5695,16.5729,
2020/10/09 04:00,16.5931,16.6023,16.5553,16.5578,16.5759,16.5705,
2020/10/09 00:00,16.5846,16.6283,16.5481,16.5909,16.5907,16.5694,
2020/10/08 20:00,16.5902,16.6723,16.5570,16.5846,16.5959,16.5665,
2020/10/08 16:00,16.5573,16.6537,16.5513,16.5896,16.6053,16.5613,
2020/10/08 12:00,16.6297,16.6356,16.5521,16.5567,16.6173,16.5624,
2020/10/08 08:00,16.6168,16.6702,16.6157,16.6319,16.6386,16.5681,
2020/10/08 04:00,16.6334,16.6392,16.6112,16.6168,16.6366,16.5681,
2020/10/08 00:00,16.6502,16.7089,16.6119,16.6314,16.6452,16.5668,
2020/10/07 20:00,16.6619,16.6798,16.5798,16.6497,16.6612,16.5654,
2020/10/07 16:00,16.6238,16.7083,16.5354,16.6631,16.6674,16.5653,
2020/10/07 12:00,16.6602,16.6717,16.6078,16.6218,16.6347,16.5639,
2020/10/07 08:00,16.7148,16.7258,16.6510,16.6602,16.6237,16.5620,
2020/10/07 04:00,16.6819,16.7346,16.6433,16.7112,16.6100,16.5632,
2020/10/07 00:00,16.4991,16.7041,16.4984,16.6809,16.5731,16.5619,
2020/10/06 20:00,16.5680,16.5879,16.4566,16.4992,16.5432,16.5626,
2020/10/06 16:00,16.5925,16.6813,16.5425,16.5670,16.5613,16.5702,
2020/10/06 12:00,16.5282,16.6111,16.5107,16.5918,16.5408,16.5811,
2020/10/06 08:00,16.5242,16.5516,16.5140,16.5268,16.5075,16.5961,
2020/10/06 04:00,16.5909,16.5935,16.5225,16.5310,16.4899,16.6119,
2020/10/06 00:00,16.4648,16.6089,16.4617,16.5900,16.4670,16.6275,
2020/10/05 20:00,16.4266,16.5321,16.3854,16.4643,16.4422,16.6402,
2020/10/05 16:00,16.4401,16.4639,16.3575,16.4255,16.4552,16.6603,
2020/10/05 12:00,16.4146,16.4838,16.4124,16.4388,16.4739,16.6848,
2020/10/05 08:00,16.4705,16.4789,16.4027,16.4163,16.4771,16.7103,
2020/10/05 04:00,16.5187,16.5227,16.4446,16.4661,16.5171,16.7343,
2020/10/03 04:00,16.5216,16.5364,16.5165,16.5294,16.5638,16.7575,
2020/10/03 00:00,16.4554,16.5374,16.4335,16.5189,16.5842,16.7788,
2020/10/02 20:00,16.6155,16.6387,16.4454,16.4549,16.5972,16.8038,
2020/10/02 16:00,16.7009,16.7582,16.5956,16.6160,16.6256,16.8282,
2020/10/02 12:00,16.6306,16.7934,16.6032,16.7000,16.6318,16.8456,
2020/10/02 08:00,16.5813,16.6377,16.5747,16.6312,16.6172,16.8606,
2020/10/02 04:00,16.5987,16.6027,16.5802,16.5839,16.6061,16.8795,
2020/10/02 00:00,16.6462,16.6894,16.5874,16.5968,16.6275,16.9014,
2020/10/01 20:00,16.6272,16.7192,16.5653,16.6471,16.6439,16.9231,
2020/10/01 16:00,16.5735,16.6613,16.5517,16.6272,16.6539,16.9435,
2020/10/01 12:00,16.6910,16.6989,16.5481,16.5755,16.6663,16.9639,
2020/10/01 08:00,16.6822,16.7476,16.6787,16.6910,16.7192,16.9758,
2020/10/01 04:00,16.6981,16.7632,16.6787,16.6787,16.7743,16.9849,
2020/10/01 00:00,16.6902,16.7552,16.6361,16.6972,16.8230,16.9943,
2020/09/30 20:00,16.8389,16.8693,16.6548,16.6893,16.8677,17.0034,
2020/09/30 16:00,16.9660,16.9901,16.7858,16.8399,16.9113,17.0172,
2020/09/30 12:00,16.9327,17.0225,16.9327,16.9666,16.9367,17.0221,
2020/09/30 08:00,16.9196,16.9323,16.9025,16.9222,16.9511,17.0300,
2020/09/30 04:00,16.9079,16.9498,16.8985,16.9205,16.9817,17.0381,
2020/09/30 00:00,16.9653,16.9790,16.8752,16.9074,17.0012,17.0457,
2020/09/29 20:00,17.0375,17.0384,16.9104,16.9669,17.0289,17.0530,
2020/09/29 16:00,17.0772,17.2035,17.0383,17.0385,17.0479,17.0560,
2020/09/29 12:00,17.0210,17.1228,17.0076,17.0753,17.0691,17.0513,
2020/09/29 08:00,17.0455,17.0493,16.9849,17.0181,17.0669,17.0415,
2020/09/29 04:00,17.0628,17.0763,17.0212,17.0455,17.0735,17.0336,
2020/09/29 00:00,17.1457,17.2024,17.0431,17.0623,17.0793,17.0233,
2020/09/28 20:00,17.0651,17.1625,16.9883,17.1442,17.0873,17.0127,
2020/09/28 16:00,17.0472,17.2135,17.0413,17.0646,17.0847,16.9962,
2020/09/28 12:00,17.0737,17.0820,16.9755,17.0509,17.1000,16.9779,
2020/09/28 08:00,17.1020,17.1235,17.0747,17.0747,17.1212,16.9699,
2020/09/28 04:00,17.0867,17.1182,17.0759,17.1020,17.1336,16.9590,
2020/09/26 04:00,17.1397,17.1611,17.1027,17.1315,17.0879,16.9462,
2020/09/26 00:00,17.1563,17.2038,17.0981,17.1409,17.0452,16.9337,
2020/09/25 20:00,17.1368,17.2603,17.0486,17.1569,16.9997,16.9228,
2020/09/25 16:00,16.8746,17.1479,16.8026,17.1366,16.9534,16.9030,
2020/09/25 12:00,16.9172,16.9608,16.8723,16.8737,16.9329,16.8692,
2020/09/25 08:00,16.9135,16.9363,16.8935,16.9180,16.9504,16.8449,
2020/09/25 04:00,16.9255,16.9704,16.8875,16.9135,17.0000,16.8197,
2020/09/25 00:00,17.0334,17.0535,16.8591,16.9253,17.0422,16.7948,
2020/09/24 20:00,16.9621,17.1488,16.9409,17.0338,17.0794,16.7690,
2020/09/24 16:00,17.1645,17.1702,16.9379,16.9616,17.0906,16.7381,
2020/09/24 12:00,17.1258,17.2172,17.1082,17.1656,17.1065,16.7038,
2020/09/24 08:00,17.0995,17.1302,17.0778,17.1248,17.0575,16.6618,
2020/09/24 04:00,17.0893,17.1187,17.0195,17.1110,16.9988,16.6239,
2020/09/24 00:00,17.0407,17.0958,16.9699,17.0899,16.9407,16.5857,
2020/09/23 20:00,16.9212,17.0974,16.9192,17.0411,16.8801,16.5504,
2020/09/23 16:00,16.8303,16.9967,16.8246,16.9209,16.8313,16.5181,
2020/09/23 12:00,16.8206,16.8906,16.7704,16.8311,16.7937,16.4956,
2020/09/23 08:00,16.7890,16.8372,16.7527,16.8205,16.7487,16.4772,
2020/09/23 04:00,16.7971,16.8090,16.7637,16.7870,16.7546,16.4593,
2020/09/23 00:00,16.7335,16.8446,16.7021,16.7970,16.7577,16.4377,
2020/09/22 20:00,16.6058,16.7345,16.5536,16.7330,16.7547,16.4189,
2020/09/22 16:00,16.8510,16.9636,16.6027,16.6061,16.7722,16.4007,
2020/09/22 12:00,16.8025,16.9275,16.7675,16.8500,16.8247,16.3869,
2020/09/22 08:00,16.7755,16.8175,16.7670,16.8025,16.7871,16.3697,
2020/09/22 04:00,16.8191,16.8277,16.7620,16.7817,16.6845,16.3543,
2020/09/22 00:00,16.8690,16.9062,16.7911,16.8206,16.5816,16.3391,
2020/09/21 20:00,16.6610,16.9369,16.6435,16.8687,16.4751,16.3223,
2020/09/21 16:00,16.2877,16.6621,16.2764,16.6621,16.3594,16.3046,
2020/09/21 12:00,16.2689,16.3333,16.2601,16.2894,16.2830,16.2958,
2020/09/21 08:00,16.2899,16.2925,16.2391,16.2673,16.2777,16.3072,
2020/09/21 04:00,16.2749,16.2892,16.2739,16.2880,16.2450,16.3215,
2020/09/19 04:00,16.2806,16.2905,16.2750,16.2901,16.2104,16.3357,
2020/09/19 00:00,16.2582,16.3096,16.2093,16.2801,16.1877,16.3502,
2020/09/18 20:00,16.1035,16.2643,16.0800,16.2629,16.1630,16.3663,
2020/09/18 16:00,16.1160,16.1920,16.1030,16.1038,16.1522,16.3827,
2020/09/18 12:00,16.1746,16.2037,16.1081,16.1153,16.1777,16.4059,
2020/09/18 08:00,16.1567,16.1983,16.1509,16.1763,16.2265,16.4297,
2020/09/18 04:00,16.2091,16.2289,16.1450,16.1567,16.2658,16.4507,
2020/09/18 00:00,16.2314,16.2571,16.1521,16.2087,16.3086,16.4740,
2020/09/17 20:00,16.3586,16.3968,16.1787,16.2316,16.3165,16.4954,
2020/09/17 16:00,16.3701,16.3904,16.3222,16.3592,16.3356,16.5154,
2020/09/17 12:00,16.3719,16.4459,16.3561,16.3726,16.3191,16.5300,
2020/09/17 08:00,16.2535,16.3732,16.2535,16.3708,16.2971,16.5476,
2020/09/17 04:00,16.3264,16.3565,16.2195,16.2485,16.3067,16.5672,
2020/09/17 00:00,16.2774,16.3543,16.2032,16.3270,16.3405,16.5920,
2020/09/16 20:00,16.2605,16.3617,16.2605,16.2765,16.3558,16.6141,
2020/09/16 16:00,16.4188,16.4348,16.2550,16.2626,16.3802,16.6366,
2020/09/16 12:00,16.4161,16.4624,16.3965,16.4190,16.4132,16.6553,
2020/09/16 08:00,16.4025,16.4654,16.3995,16.4172,16.4176,16.6634,
2020/09/16 04:00,16.3990,16.4606,16.3887,16.4036,16.4493,16.6730,
2020/09/16 00:00,16.4271,16.4534,16.3980,16.3986,16.4932,16.6809,
2020/09/15 20:00,16.4412,16.5126,16.4168,16.4274,16.5425,16.6900,
2020/09/15 16:00,16.5764,16.6379,16.4378,16.4414,16.5874,16.6976,
2020/09/15 12:00,16.6218,16.6320,16.5544,16.5755,16.6355,16.7114,
2020/09/15 08:00,16.6413,16.6855,16.6166,16.6231,16.6552,16.7269,
2020/09/15 04:00,16.6515,16.6737,16.6352,16.6450,16.6674,16.7410,
2020/09/15 00:00,16.6822,16.6847,16.6464,16.6520,16.6801,16.7539,
2020/09/14 20:00,16.6735,16.7242,16.6323,16.6820,16.6902,16.7641,
2020/09/14 16:00,16.6846,16.7060,16.6043,16.6739,16.7016,16.7727,
2020/09/14 12:00,16.7117,16.7117,16.6594,16.6839,16.7154,16.7810,
2020/09/14 08:00,16.7025,16.7304,16.6917,16.7086,16.7252,16.7822,
2020/09/14 04:00,16.7180,16.7260,16.6983,16.7025,16.7284,16.7833,
2020/09/12 04:00,16.7437,16.7472,16.7180,16.7392,16.7504,16.7840,
2020/09/12 00:00,16.7337,16.7784,16.7108,16.7430,16.7746,16.7836,
2020/09/11 20:00,16.7244,16.7767,16.7042,16.7327,16.7998,16.7830,
2020/09/11 16:00,16.8121,16.8139,16.7197,16.7244,16.8287,16.7835,
2020/09/11 12:00,16.8600,16.8651,16.7969,16.8126,16.8518,16.7803,
2020/09/11 08:00,16.8700,16.8850,16.8388,16.8601,16.8351,16.7708,
2020/09/11 04:00,16.8776,16.9293,16.8482,16.8693,16.7875,16.7599,
2020/09/11 00:00,16.8410,16.9159,16.8310,16.8772,16.7454,16.7480,
2020/09/10 20:00,16.7282,16.8409,16.6452,16.8399,16.6899,16.7353,
2020/09/10 16:00,16.6216,16.7826,16.6211,16.7292,16.6472,16.7265,
2020/09/10 12:00,16.6599,16.6618,16.5911,16.6218,16.6247,16.7196,
2020/09/10 08:00,16.5991,16.6736,16.5991,16.6588,16.6576,16.7258,
2020/09/10 04:00,16.6258,16.6326,16.5917,16.5998,16.7186,16.7291,
2020/09/10 00:00,16.6162,16.6600,16.5780,16.6263,16.7937,16.7344,
2020/09/09 20:00,16.7848,16.7942,16.5935,16.6168,16.8619,16.7391,
2020/09/09 16:00,16.9634,16.9744,16.7669,16.7862,16.9203,16.7430,
2020/09/09 12:00,16.9701,16.9984,16.9242,16.9639,16.9423,16.7439,
2020/09/09 08:00,16.9686,16.9842,16.9548,16.9753,16.9257,16.7387,
2020/09/09 04:00,16.9111,16.9836,16.9074,16.9674,16.8735,16.7326,
2020/09/09 00:00,16.8956,16.9757,16.8562,16.9089,16.8271,16.7252,
2020/09/08 20:00,16.8814,16.9979,16.8802,16.8960,16.7894,16.7217,
2020/09/08 16:00,16.7141,16.9250,16.6955,16.8811,16.7563,16.7210,
2020/09/08 12:00,16.7352,16.7483,16.6876,16.7139,16.7255,16.7176,
2020/09/08 08:00,16.7181,16.7357,16.6958,16.7356,16.7316,16.7157,
2020/09/08 04:00,16.7303,16.7303,16.7129,16.7205,16.7133,16.7113,
2020/09/08 00:00,16.7273,16.7488,16.7116,16.7302,16.6843,16.7080,
2020/09/07 20:00,16.7440,16.7649,16.6975,16.7272,16.6560,16.7062,
2020/09/07 16:00,16.6446,16.7657,16.6036,16.7445,16.6248,16.7018,
2020/09/07 12:00,16.5761,16.6880,16.5686,16.6439,16.5879,16.6978,
2020/09/07 08:00,16.5887,16.6214,16.5707,16.5758,16.5828,16.7038,
2020/09/07 04:00,16.5645,16.5981,16.5638,16.5885,16.5794,16.7139,
2020/09/05 04:00,16.5599,16.5786,16.5582,16.5711,16.6167,16.7269,
2020/09/05 00:00,16.6180,16.6640,16.5565,16.5603,16.6511,16.7414,
2020/09/04 20:00,16.5579,16.6691,16.5405,16.6184,16.6854,16.7563,
2020/09/04 16:00,16.7761,16.8234,16.5568,16.5587,16.7103,16.7607,
2020/09/04 12:00,16.7446,16.7857,16.7120,16.7750,16.7414,16.7623,
2020/09/04 08:00,16.7288,16.7572,16.7105,16.7433,16.7480,16.7532,
2020/09/04 04:00,16.7446,16.7497,16.6900,16.7315,16.7665,16.7463,
2020/09/04 00:00,16.7148,16.8162,16.7125,16.7430,16.7846,16.7399,
2020/09/03 20:00,16.8104,16.8104,16.6384,16.7141,16.7925,16.7330,
2020/09/03 16:00,16.8356,16.8419,16.6898,16.8083,16.8140,16.7297,
2020/09/03 12:00,16.8225,16.8868,16.7722,16.8355,16.8278,16.7261,
2020/09/03 08:00,16.7823,16.8579,16.7564,16.8220,16.8199,16.7291,
2020/09/03 04:00,16.8213,16.8371,16.7547,16.7824,16.7888,16.7349,
2020/09/03 00:00,16.8791,16.9186,16.7717,16.8219,16.7577,16.7449,
2020/09/02 20:00,16.7968,16.9233,16.7647,16.8772,16.7210,16.7538,
2020/09/02 16:00,16.6666,16.7960,16.6475,16.7960,16.6824,16.7590,
2020/09/02 12:00,16.6283,16.6916,16.6165,16.6667,16.6467,16.7646,
2020/09/02 08:00,16.6442,16.6818,16.6111,16.6265,16.6420,16.7742,
2020/09/02 04:00,16.6841,16.7023,16.6200,16.6384,16.6760,16.7843,
2020/09/02 00:00,16.6165,16.7256,16.6096,16.6846,16.7139,16.7923,
2020/09/01 20:00,16.6430,16.6720,16.5519,16.6172,16.7597,16.8009,
2020/09/01 16:00,16.7980,16.8308,16.6280,16.6435,16.8228,16.8120,
2020/09/01 12:00,16.8258,16.8527,16.7732,16.7963,16.8805,16.8168,
2020/09/01 08:00,16.9135,16.9479,16.8236,16.8278,16.8671,16.8199,
2020/09/01 04:00,16.9370,16.9522,16.8951,16.9135,16.8213,16.8177,
2020/09/01 00:00,16.9302,16.9767,16.8871,16.9327,16.7480,16.8136,
2020/08/31 20:00,16.7292,16.9434,16.6825,16.9323,16.6757,16.8098,
2020/08/31 16:00,16.5991,16.7396,16.5957,16.7292,16.6033,16.8057,
2020/08/31 12:00,16.5470,16.6280,16.5456,16.5987,16.5719,16.8084,
2020/08/31 08:00,16.5710,16.5896,16.5459,16.5471,16.5783,16.8208,
2020/08/31 04:00,16.5790,16.5804,16.5710,16.5710,16.6124,16.8357,
2020/08/29 04:00,16.5737,16.5895,16.5694,16.5707,16.6804,16.8502,
2020/08/29 00:00,16.6302,16.6302,16.5536,16.5721,16.7597,16.8647,
2020/08/28 20:00,16.7185,16.7346,16.5910,16.6304,16.8518,16.8791,
2020/08/28 16:00,16.9107,16.9156,16.7087,16.7178,16.9348,16.8920,
2020/08/28 12:00,16.9687,16.9825,16.8990,16.9110,16.9926,16.9054,
2020/08/28 08:00,17.0202,17.0590,16.9647,16.9673,16.9975,16.9137,
2020/08/28 04:00,17.0460,17.0725,16.9981,17.0325,16.9856,16.9197,
2020/08/28 00:00,17.0057,17.1073,16.9959,17.0456,16.9545,16.9243,
2020/08/27 20:00,16.9355,17.0461,16.8037,17.0064,16.9130,16.9283,
2020/08/27 16:00,16.9073,16.9591,16.8242,16.9356,16.8918,16.9335,
2020/08/27 12:00,16.8781,16.9454,16.8563,16.9077,16.8839,16.9458,
2020/08/27 08:00,16.8361,16.8832,16.8202,16.8770,16.8550,16.9590,
2020/08/27 04:00,16.9004,16.9026,16.8291,16.8384,16.8544,16.9732,
2020/08/27 00:00,16.8957,16.9775,16.8768,16.9003,16.8413,16.9898,
2020/08/26 20:00,16.7635,16.9146,16.7533,16.8959,16.8233,17.0063,
2020/08/26 16:00,16.8741,16.9074,16.7472,16.7636,16.8115,17.0235,
2020/08/26 12:00,16.7739,16.8806,16.7646,16.8737,16.8247,17.0412,
2020/08/26 08:00,16.8104,16.8280,16.7593,16.7732,16.8096,17.0563,
2020/08/26 04:00,16.8385,16.8605,16.7967,16.8103,16.8366,17.0769,
2020/08/26 00:00,16.8294,16.8953,16.8157,16.8368,16.8586,17.0942,
2020/08/25 20:00,16.7992,16.8553,16.7189,16.8296,16.8776,17.1088,
2020/08/25 16:00,16.9089,16.9108,16.7960,16.7981,16.8983,17.1216,
2020/08/25 12:00,16.9204,16.9434,16.8691,16.9084,16.9254,17.1383,
2020/08/25 08:00,16.9423,16.9716,16.9103,16.9202,16.9342,17.1535,
2020/08/25 04:00,16.9303,16.9663,16.9167,16.9318,16.9606,17.1696,
2020/08/25 00:00,16.9339,16.9633,16.9100,16.9329,16.9980,17.1848,
2020/08/24 20:00,16.9538,16.9661,16.8943,16.9335,17.0349,17.1999,
2020/08/24 16:00,17.0518,17.0660,16.9501,16.9528,17.0775,17.2156,
2020/08/24 12:00,17.1179,17.1245,17.0457,17.0522,17.1164,17.2336,
2020/08/24 08:00,17.1186,17.1452,17.1067,17.1184,17.1331,17.2504,
2020/08/24 04:00,17.1321,17.1461,17.1176,17.1177,17.1581,17.2657,
2020/08/22 04:00,17.1479,17.1518,17.1244,17.1462,17.1821,17.2804,
2020/08/22 00:00,17.1366,17.1614,17.0935,17.1474,17.1994,17.2946,
2020/08/21 20:00,17.2440,17.2532,17.1183,17.1356,17.2202,17.3075,
2020/08/21 16:00,17.2378,17.3138,17.2251,17.2437,17.2560,17.3193,
2020/08/21 12:00,17.2337,17.2531,17.2109,17.2375,17.2723,17.3228,
2020/08/21 08:00,17.2497,17.2522,17.2223,17.2326,17.2661,17.3278,
2020/08/21 04:00,17.3148,17.3148,17.2295,17.2518,17.2699,17.3333,
2020/08/21 00:00,17.3254,17.3299,17.2600,17.3143,17.2772,17.3387,
2020/08/20 20:00,17.2057,17.3308,17.1860,17.3252,17.2626,17.3410,
2020/08/20 16:00,17.2510,17.3450,17.1966,17.2065,17.2378,17.3425,
2020/08/20 12:00,17.2871,17.3107,17.2438,17.2519,17.2268,17.3526,
2020/08/20 08:00,17.2450,17.3085,17.2347,17.2881,17.2194,17.3598,
2020/08/20 04:00,17.2010,17.2728,17.1825,17.2411,17.2194,17.3642,
2020/08/20 00:00,17.1516,17.2500,17.1442,17.2016,17.2358,17.3715,
2020/08/19 20:00,17.2147,17.2288,17.1170,17.1515,17.2576,17.3809,
2020/08/19 16:00,17.2883,17.3072,17.2136,17.2149,17.2894,17.3906,
2020/08/19 12:00,17.3216,17.3342,17.2627,17.2878,17.3117,17.3988,
2020/08/19 08:00,17.3110,17.3270,17.2957,17.3230,17.3346,17.4042,
2020/08/19 04:00,17.3106,17.3222,17.2861,17.3110,17.3647,17.4099,
2020/08/19 00:00,17.3254,17.3666,17.3097,17.3102,17.4025,17.4143,
2020/08/18 20:00,17.4028,17.4129,17.2841,17.3266,17.4376,17.4190,
2020/08/18 16:00,17.4741,17.4832,17.3719,17.4020,17.4725,17.4204,
2020/08/18 12:00,17.5008,17.5193,17.4617,17.4739,17.4863,17.4194,
2020/08/18 08:00,17.4888,17.5295,17.4680,17.4998,17.4777,17.4216,
2020/08/18 04:00,17.5012,17.5296,17.4678,17.4855,17.4438,17.4238,
2020/08/18 00:00,17.4705,17.5017,17.4561,17.5012,17.4193,17.4237,
2020/08/17 20:00,17.4302,17.4844,17.3774,17.4710,17.3927,17.4218,
2020/08/17 16:00,17.3326,17.4354,17.3166,17.4309,17.3759,17.4250,
2020/08/17 12:00,17.3626,17.3673,17.3226,17.3305,17.3642,17.4309,
2020/08/17 08:00,17.3685,17.3756,17.3457,17.3627,17.3705,17.4461,
2020/08/17 04:00,17.3685,17.3685,17.3622,17.3685,17.3902,17.4574,
2020/08/15 04:00,17.3712,17.3913,17.3534,17.3868,17.4027,17.4703,
2020/08/15 00:00,17.3622,17.4076,17.3459,17.3725,17.4051,17.4816,
2020/08/14 20:00,17.4560,17.4837,17.3245,17.3619,17.4153,17.4952,
2020/08/14 16:00,17.4304,17.4951,17.4030,17.4612,17.4301,17.5108,
2020/08/14 12:00,17.3984,17.4313,17.3729,17.4313,17.4167,17.5208,
2020/08/14 08:00,17.4228,17.4580,17.3965,17.3984,17.4142,17.5273,
2020/08/14 04:00,17.4368,17.4368,17.3867,17.4238,17.4192,17.5350,
2020/08/14 00:00,17.3942,17.4518,17.3763,17.4359,17.4277,17.5428,
2020/08/13 20:00,17.4197,17.4722,17.3569,17.3939,17.4247,17.5499,
2020/08/13 16:00,17.4248,17.4996,17.3754,17.4190,17.4312,17.5572,
2020/08/13 12:00,17.4653,17.4791,17.3757,17.4232,17.4197,17.5619,
2020/08/13 08:00,17.4237,17.4671,17.3694,17.4663,17.4106,17.5674,
2020/08/13 04:00,17.4274,17.4688,17.3889,17.4212,17.4230,17.5685,
2020/08/13 00:00,17.3608,17.4322,17.3571,17.4265,17.4497,17.5683,
2020/08/12 20:00,17.3763,17.4543,17.3393,17.3614,17.4611,17.5689,
2020/08/12 16:00,17.5290,17.5416,17.3365,17.3777,17.4797,17.5750,
2020/08/12 12:00,17.5536,17.5731,17.4625,17.5284,17.5141,17.5844,
2020/08/12 08:00,17.4856,17.5605,17.4856,17.5547,17.5244,17.5767,
2020/08/12 04:00,17.4546,17.5177,17.4482,17.4832,17.5555,17.5671,
2020/08/12 00:00,17.5497,17.5512,17.4148,17.4544,17.5879,17.5598,
2020/08/11 20:00,17.5801,17.5999,17.4726,17.5500,17.6353,17.5558,
2020/08/11 16:00,17.7099,17.7099,17.5339,17.5797,17.6588,17.5452,
2020/08/11 12:00,17.6472,17.7300,17.6152,17.7100,17.6857,17.5322,
2020/08/11 08:00,17.6901,17.7298,17.6432,17.6454,17.6938,17.5137,
2020/08/11 04:00,17.6677,17.7001,17.6621,17.6916,17.7071,17.5008,
2020/08/11 00:00,17.7109,17.7179,17.6638,17.6675,17.6876,17.4877,
2020/08/10 20:00,17.7513,17.7680,17.6581,17.7141,17.6725,17.4771,
2020/08/10 16:00,17.7159,17.7807,17.6761,17.7506,17.6532,17.4652,
2020/08/10 12:00,17.5947,17.7118,17.5883,17.7118,17.6260,17.4525,
2020/08/10 08:00,17.5893,17.6616,17.5815,17.5941,17.5989,17.4291,
2020/08/10 04:00,17.5834,17.5918,17.5812,17.5918,17.5869,17.4131,
2020/08/08 04:00,17.6133,17.6393,17.6050,17.6177,17.5808,17.3968,
2020/08/08 00:00,17.5759,17.6846,17.5488,17.6144,17.5561,17.3798,
2020/08/07 20:00,17.5340,17.6674,17.4698,17.5763,17.5163,17.3653,
2020/08/07 16:00,17.5614,17.6637,17.5253,17.5344,17.4896,17.3522,
2020/08/07 12:00,17.4954,17.5760,17.4907,17.5614,17.4855,17.3374,
2020/08/07 08:00,17.4121,17.5019,17.4081,17.4939,17.4957,17.3176,
2020/08/07 04:00,17.4414,17.4480,17.4042,17.4157,17.4639,17.2989,
2020/08/07 00:00,17.5141,17.5550,17.4082,17.4428,17.4441,17.2856,
2020/08/06 20:00,17.6138,17.6599,17.4151,17.5139,17.4154,17.2701,
2020/08/06 16:00,17.3368,17.6409,17.3185,17.6122,17.3837,17.2504,
2020/08/06 12:00,17.3181,17.3513,17.2526,17.3350,17.3184,17.2228,
2020/08/06 08:00,17.2939,17.3191,17.2171,17.3166,17.3021,17.1990,
2020/08/06 04:00,17.3549,17.3615,17.2501,17.2994,17.2883,17.1750,
2020/08/06 00:00,17.2850,17.3577,17.2555,17.3554,17.2928,17.1527,
2020/08/05 20:00,17.2534,17.3046,17.1608,17.2855,17.2949,17.1289,
2020/08/05 16:00,17.2488,17.3534,17.1921,17.2536,17.3180,17.1125,
2020/08/05 12:00,17.3220,17.3550,17.2475,17.2475,17.3505,17.0949,
2020/08/05 08:00,17.3660,17.3804,17.3176,17.3220,17.3880,17.0729,
2020/08/05 04:00,17.4011,17.4019,17.3574,17.3657,17.3486,17.0432,
2020/08/05 00:00,17.4171,17.4207,17.3652,17.4014,17.3144,17.0088,
2020/08/04 20:00,17.4380,17.5296,17.3649,17.4157,17.2709,16.9771,
2020/08/04 16:00,17.1248,17.4536,17.1139,17.4354,17.2267,16.9413,
2020/08/04 12:00,17.1933,17.2037,17.1190,17.1250,17.1895,16.9024,
2020/08/04 08:00,17.1825,17.2067,17.1823,17.1943,17.2144,16.8758,
2020/08/04 04:00,17.1969,17.2038,17.1738,17.1843,17.2085,16.8470,
2020/08/04 00:00,17.2494,17.2516,17.1755,17.1943,17.1848,16.8193,
2020/08/03 20:00,17.2488,17.3466,17.2037,17.2496,17.1512,16.7912,
2020/08/03 16:00,17.1648,17.2978,17.1555,17.2494,17.1180,16.7628,
2020/08/03 12:00,17.0645,17.1702,16.9800,17.1650,17.0792,16.7333,
2020/08/03 08:00,17.0244,17.1003,17.0093,17.0657,17.0505,16.7053,
2020/08/03 04:00,17.0103,17.0285,17.0012,17.0262,17.0218,16.6781,
2020/08/01 04:00,17.0592,17.0935,17.0582,17.0837,16.9648,16.6531,
2020/08/01 00:00,17.0214,17.0654,16.9464,17.0555,16.8911,16.6271,
2020/07/31 20:00,16.9219,17.0672,16.8787,17.0216,16.8286,16.6008,
2020/07/31 16:00,16.7401,16.9892,16.7262,16.9221,16.7764,16.5772,
2020/07/31 12:00,16.7167,16.7909,16.7132,16.7413,16.7671,16.5618,
2020/07/31 08:00,16.7503,16.7642,16.6823,16.7149,16.7813,16.5554,
2020/07/31 04:00,16.7597,16.7953,16.7003,16.7432,16.7779,16.5530,
2020/07/31 00:00,16.8765,16.9189,16.7603,16.7603,16.7454,16.5497,
2020/07/30 20:00,16.8124,16.9452,16.7464,16.8758,16.6942,16.5452,
2020/07/30 16:00,16.6984,16.8472,16.6956,16.8122,16.6408,16.5372,
2020/07/30 12:00,16.5788,16.7189,16.5604,16.6982,16.5827,16.5355,
2020/07/30 08:00,16.5028,16.5867,16.4880,16.5803,16.5355,16.5340,
2020/07/30 04:00,16.6065,16.6151,16.5000,16.5047,16.5113,16.5363,
2020/07/30 00:00,16.5222,16.6180,16.4958,16.6087,16.5054,16.5405,
2020/07/29 20:00,16.4621,16.5663,16.4533,16.5217,16.4822,16.5421,
2020/07/29 16:00,16.4599,16.4811,16.3785,16.4619,16.4759,16.5429,
2020/07/29 12:00,16.4748,16.5014,16.4430,16.4593,16.4914,16.5464,
2020/07/29 08:00,16.4928,16.5250,16.4709,16.4756,16.5021,16.5446,
2020/07/29 04:00,16.4900,16.5428,16.4734,16.4925,16.4999,16.5449,
2020/07/29 00:00,16.5399,16.5652,16.4757,16.4903,16.4783,16.5420,
2020/07/28 20:00,16.5122,16.6033,16.5038,16.5395,16.4608,16.5422,
2020/07/28 16:00,16.4673,16.5480,16.4316,16.5128,16.4397,16.5374,
2020/07/28 12:00,16.3832,16.4775,16.3832,16.4642,16.4165,16.5345,
2020/07/28 08:00,16.4054,16.4154,16.3551,16.3849,16.4099,16.5330,
2020/07/28 04:00,16.4322,16.4642,16.4008,16.4027,16.4405,16.5327,
2020/07/28 00:00,16.3946,16.4443,16.3902,16.4339,16.4760,16.5326,
2020/07/27 20:00,16.4326,16.4987,16.3929,16.3967,16.5205,16.5299,
2020/07/27 16:00,16.5383,16.5816,16.4307,16.4315,16.5735,16.5329,
2020/07/27 12:00,16.5773,16.6051,16.5229,16.5378,16.6165,16.5346,
2020/07/27 08:00,16.6595,16.6755,16.5736,16.5803,16.6439,16.5350,
2020/07/27 04:00,16.6807,16.7032,16.6454,16.6564,16.6820,16.5357,
2020/07/25 04:00,16.6502,16.6863,16.6376,16.6615,16.6829,16.5337,
2020/07/25 00:00,16.6749,16.7146,16.6420,16.6467,16.6783,16.5330,
2020/07/24 20:00,16.7702,16.7844,16.6427,16.6748,16.6709,16.5340,
2020/07/24 16:00,16.6613,16.8048,16.6589,16.7705,16.6655,16.5342,
2020/07/24 12:00,16.6385,16.7255,16.6335,16.6611,16.6197,16.5318,
2020/07/24 08:00,16.6340,16.6532,16.6060,16.6382,16.5972,16.5348,
2020/07/24 04:00,16.6479,16.6881,16.6099,16.6100,16.5526,16.5360,
2020/07/24 00:00,16.5408,16.6913,16.5092,16.6476,16.5272,16.5392,
2020/07/23 20:00,16.5471,16.6915,16.5197,16.5418,16.4819,16.5406,
2020/07/23 16:00,16.4138,16.6065,16.3997,16.5483,16.4724,16.5452,
2020/07/23 12:00,16.4828,16.4836,16.4080,16.4155,16.4469,16.5491,
2020/07/23 08:00,16.4123,16.4940,16.4087,16.4828,16.4515,16.5627,
2020/07/23 04:00,16.4900,16.4903,16.4212,16.4213,16.4402,16.5724,
2020/07/23 00:00,16.4218,16.4957,16.4169,16.4939,16.4314,16.5851,
2020/07/22 20:00,16.4385,16.4467,16.3390,16.4210,16.4129,16.5958,
2020/07/22 16:00,16.4259,16.5206,16.3964,16.4385,16.4022,16.6044,
2020/07/22 12:00,16.3774,16.4591,16.3729,16.4263,16.4084,16.6140,
2020/07/22 08:00,16.4007,16.4153,16.3694,16.3772,16.4182,16.6239,
2020/07/22 04:00,16.3696,16.4192,16.3563,16.4015,16.4521,16.6345,
2020/07/22 00:00,16.4685,16.4703,16.3660,16.3674,16.4914,16.6406,
2020/07/21 20:00,16.4733,16.5097,16.4537,16.4695,16.5392,16.6500,
2020/07/21 16:00,16.5470,16.5649,16.4609,16.4754,16.5743,16.6525,
2020/07/21 12:00,16.5981,16.6325,16.5455,16.5467,16.6134,16.6552,
2020/07/21 08:00,16.6082,16.6093,16.5900,16.5980,16.6401,16.6610,
2020/07/21 04:00,16.6452,16.6551,16.5849,16.6066,16.6624,16.6647,
2020/07/21 00:00,16.6704,16.6919,16.6395,16.6446,16.6884,16.6686,
2020/07/20 20:00,16.6800,16.7368,16.6577,16.6712,16.6934,16.6731,
2020/07/20 16:00,16.7100,16.7515,16.6537,16.6803,16.6969,16.6780,
2020/07/20 12:00,16.7365,16.7376,16.6844,16.7093,16.6972,16.6824,
2020/07/20 08:00,16.6716,16.7576,16.6510,16.7365,16.6868,16.6871,
2020/07/20 04:00,16.6125,16.6739,16.5750,16.6699,16.6690,16.6913,
2020/07/18 04:00,16.6812,16.6941,16.6713,16.6887,16.6857,16.6971,
2020/07/18 00:00,16.6566,16.6935,16.6330,16.6818,16.6932,16.6988,
2020/07/17 20:00,16.6475,16.7031,16.6472,16.6571,16.7044,16.6983,
2020/07/17 16:00,16.7546,16.7586,16.6474,16.6475,16.7254,16.7015,
2020/07/17 12:00,16.7275,16.7546,16.7027,16.7533,16.7232,16.7038,
2020/07/17 08:00,16.7386,16.7533,16.7131,16.7265,16.7082,16.7036,
2020/07/17 04:00,16.7604,16.7789,16.7306,16.7378,16.6975,16.7067,
2020/07/17 00:00,16.6364,16.7711,16.6321,16.7618,16.6786,16.7077,
2020/07/16 20:00,16.6797,16.6842,16.5910,16.6364,16.6369,16.7078,
2020/07/16 16:00,16.6726,16.7192,16.6389,16.6784,16.6303,16.7124,
2020/07/16 12:00,16.6453,16.6895,16.6277,16.6730,16.6011,16.7218,
2020/07/16 08:00,16.5558,16.6623,16.5473,16.6435,16.5749,16.7327,
2020/07/16 04:00,16.6040,16.6090,16.5345,16.5530,16.5847,16.7417,
2020/07/16 00:00,16.5320,16.6190,16.5289,16.6035,16.6118,16.7531,
2020/07/15 20:00,16.5428,16.5965,16.5056,16.5325,16.6321,16.7619,
2020/07/15 16:00,16.6927,16.7034,16.5397,16.5421,16.6770,16.7770,
2020/07/15 12:00,16.6875,16.7114,16.6487,16.6924,16.7275,16.7898,
2020/07/15 08:00,16.7058,16.7089,16.6473,16.6886,16.7472,16.7995,
2020/07/15 04:00,16.7552,16.7740,16.6864,16.7051,16.7746,16.8092,
2020/07/15 00:00,16.7947,16.8203,16.7232,16.7568,16.8018,16.8185,
2020/07/14 20:00,16.7894,16.8530,16.7259,16.7948,16.8138,16.8258,
2020/07/14 16:00,16.8264,16.8834,16.7883,16.7905,16.8008,16.8343,
2020/07/14 12:00,16.8395,16.8594,16.8029,16.8259,16.7765,16.8435,
2020/07/14 08:00,16.8182,16.8591,16.8142,16.8412,16.7587,16.8560,
2020/07/14 04:00,16.7301,16.8504,16.7288,16.8164,16.7314,16.8674,
2020/07/14 00:00,16.6694,16.7611,16.6668,16.7298,16.7180,16.8809,
2020/07/13 20:00,16.7365,16.7819,16.6556,16.6692,16.7329,16.8952,
2020/07/13 16:00,16.7050,16.8118,16.7002,16.7370,16.7513,16.9122,
2020/07/13 12:00,16.7474,16.7533,16.7033,16.7045,16.7569,16.9278,
2020/07/13 08:00,16.8034,16.8177,16.7378,16.7495,16.7665,16.9424,
2020/07/13 04:00,16.7705,16.8043,16.7270,16.8043,16.7992,16.9524,
2020/07/11 04:00,16.7614,16.7779,16.7430,16.7612,16.8274,16.9590,
2020/07/11 00:00,16.7527,16.7770,16.7396,16.7649,16.8491,16.9682,
2020/07/10 20:00,16.9144,16.9373,16.7383,16.7524,16.8633,16.9746,
2020/07/10 16:00,16.9474,16.9528,16.8507,16.9133,16.8775,16.9866,
2020/07/10 12:00,16.8695,16.9656,16.8572,16.9453,16.8769,16.9865,
2020/07/10 08:00,16.8360,16.8752,16.8252,16.8695,16.8604,16.9875,
2020/07/10 04:00,16.8225,16.8482,16.8090,16.8360,16.8737,16.9944,
2020/07/10 00:00,16.9094,16.9391,16.8176,16.8232,16.8925,17.0007,
2020/07/09 20:00,16.8644,16.9159,16.7933,16.9103,16.9154,17.0084,
2020/07/09 16:00,16.9362,16.9366,16.8133,16.8632,16.9211,17.0141,
2020/07/09 12:00,16.9308,16.9628,16.9014,16.9356,16.9498,17.0203,
2020/07/09 08:00,16.9368,16.9441,16.9005,16.9300,16.9668,17.0204,
2020/07/09 04:00,16.9439,16.9500,16.9111,16.9378,17.0087,17.0220,
2020/07/09 00:00,17.0074,17.0402,16.9371,16.9387,17.0463,17.0217,
2020/07/08 20:00,17.0200,17.0329,16.9555,17.0069,17.0893,17.0228,
2020/07/08 16:00,17.1402,17.1618,17.0184,17.0205,17.1052,17.0213,
2020/07/08 12:00,17.1239,17.2067,17.1222,17.1398,17.1203,17.0170,
2020/07/08 08:00,17.1558,17.1627,17.1047,17.1256,17.1178,17.0115,
2020/07/08 04:00,17.0923,17.1724,17.0923,17.1539,17.1062,17.0075,
2020/07/08 00:00,17.0992,17.1240,17.0572,17.0863,17.0754,17.0022,
2020/07/07 20:00,17.1278,17.1332,17.0393,17.0960,17.0520,17.0011,
2020/07/07 16:00,17.0666,17.1841,17.0576,17.1273,17.0312,16.9993,
2020/07/07 12:00,16.9999,17.0853,16.9843,17.0675,16.9908,17.0042,
2020/07/07 08:00,16.9692,17.0043,16.9081,16.9999,16.9878,17.0138,
2020/07/07 04:00,16.9926,17.0115,16.9207,16.9692,16.9696,17.0273,
2020/07/07 00:00,16.9253,17.0125,16.9251,16.9921,16.9702,17.0423,
2020/07/06 20:00,17.0529,17.0622,16.9168,16.9254,16.9802,17.0574,
2020/07/06 16:00,16.9072,17.0621,16.8873,17.0522,16.9936,17.0751,
2020/07/06 12:00,16.9709,16.9760,16.8833,16.9093,16.9863,17.0865,
2020/07/06 08:00,17.0421,17.0679,16.9665,16.9719,17.0149,17.1022,
2020/07/06 04:00,17.0307,17.0663,17.0257,17.0424,17.0242,17.1135,
2020/07/04 04:00,17.0160,17.0160,16.9800,16.9920,17.0035,17.1216,
2020/07/04 00:00,17.0493,17.0663,16.9650,17.0160,16.9989,17.1339,
2020/07/03 20:00,17.0178,17.1060,16.9982,17.0523,16.9821,17.1451,
2020/07/03 16:00,16.9396,17.0342,16.9085,17.0182,16.9649,17.1505,
2020/07/03 12:00,16.9709,16.9836,16.9237,16.9391,16.9551,17.1593,
2020/07/03 08:00,16.9319,16.9963,16.9310,16.9690,16.9495,17.1729,
2020/07/03 04:00,16.9657,16.9943,16.9283,16.9318,16.9564,17.1844,
2020/07/03 00:00,16.9677,17.0054,16.9477,16.9666,16.9751,17.1979,
2020/07/02 20:00,16.9134,17.0008,16.8660,16.9690,16.9860,17.2108,
2020/07/02 16:00,16.9959,17.0165,16.8809,16.9111,17.0041,17.2252,
2020/07/02 12:00,17.0253,17.0348,16.9559,17.0033,17.0322,17.2376,
2020/07/02 08:00,17.0252,17.0565,17.0114,17.0253,17.0812,17.2435,
2020/07/02 04:00,17.0578,17.0588,16.9898,17.0213,17.1378,17.2478,
2020/07/02 00:00,17.0510,17.1062,17.0345,17.0593,17.2010,17.2525,
2020/07/01 20:00,17.2480,17.2921,17.0485,17.0517,17.2578,17.2576,
2020/07/01 16:00,17.3082,17.3333,17.2131,17.2484,17.3216,17.2661,
2020/07/01 12:00,17.3420,17.3702,17.2986,17.3085,17.3452,17.2744,
2020/07/01 08:00,17.3417,17.3510,17.3202,17.3370,17.3511,17.2804,
2020/07/01 04:00,17.3714,17.3767,17.3195,17.3435,17.3441,17.2839,
2020/07/01 00:00,17.3638,17.3987,17.3041,17.3704,17.3262,17.2856,
2020/06/30 20:00,17.3365,17.4081,17.3114,17.3668,17.3015,17.2862,
2020/06/30 16:00,17.3039,17.3953,17.2891,17.3378,17.2877,17.2834,
2020/06/30 12:00,17.2553,17.3389,17.2511,17.3022,17.2793,17.2817,
2020/06/30 08:00,17.2488,17.2720,17.2448,17.2539,17.2566,17.2787,
2020/06/30 04:00,17.2981,17.3011,17.2446,17.2467,17.2533,17.2757,
2020/06/30 00:00,17.2927,17.3365,17.2878,17.2979,17.2599,17.2732,
2020/06/29 20:00,17.1858,17.3028,17.1831,17.2960,17.2515,17.2703,
2020/06/29 16:00,17.2349,17.2910,17.1796,17.1884,17.2459,17.2670,
2020/06/29 12:00,17.2789,17.3395,17.2278,17.2376,17.2663,17.2699,
2020/06/29 08:00,17.2587,17.3234,17.2322,17.2798,17.2847,17.2735,
2020/06/29 04:00,17.2575,17.2934,17.2284,17.2559,17.2728,17.2739,
2020/06/27 04:00,17.2911,17.2991,17.2623,17.2680,17.2517,17.2749,
2020/06/27 00:00,17.3303,17.3332,17.2579,17.2901,17.2247,17.2762,
2020/06/26 20:00,17.2215,17.3671,17.2067,17.3296,17.1945,17.2777,
2020/06/26 16:00,17.1518,17.2320,17.1506,17.2204,17.1662,17.2793,
2020/06/26 12:00,17.1354,17.1872,17.1238,17.1504,17.1748,17.2852,
2020/06/26 08:00,17.1391,17.1851,17.1318,17.1331,17.2358,17.2923,
2020/06/26 04:00,17.1878,17.1936,17.1228,17.1392,17.3010,17.3036,
2020/06/26 00:00,17.2637,17.2860,17.1853,17.1877,17.3581,17.3088,
2020/06/25 20:00,17.4545,17.4690,17.2242,17.2638,17.3977,17.3131,
2020/06/25 16:00,17.4591,17.5259,17.3750,17.4552,17.4218,17.3157,
2020/06/25 12:00,17.4229,17.4630,17.3885,17.4590,17.3904,17.3123,
2020/06/25 08:00,17.3892,17.4413,17.3793,17.4247,17.3574,17.3091,
2020/06/25 04:00,17.3841,17.4072,17.3631,17.3856,17.3179,17.3097,
2020/06/25 00:00,17.3008,17.4241,17.2919,17.3843,17.2767,17.3115,
2020/06/24 20:00,17.2932,17.4070,17.2133,17.2984,17.2368,17.3143,
2020/06/24 16:00,17.2272,17.3467,17.2056,17.2938,17.2219,17.3201,
2020/06/24 12:00,17.1795,17.2590,17.1601,17.2273,17.2061,17.3186,
2020/06/24 08:00,17.1812,17.2108,17.1189,17.1795,17.2129,17.3164,
2020/06/24 04:00,17.2276,17.2447,17.1790,17.1849,17.2426,17.3189,
2020/06/24 00:00,17.2151,17.2771,17.1848,17.2239,17.2633,17.3175,
2020/06/23 20:00,17.2635,17.2959,17.1731,17.2149,17.2748,17.3149,
2020/06/23 16:00,17.3294,17.3499,17.1875,17.2615,17.2920,17.3133,
2020/06/23 12:00,17.2939,17.3711,17.2726,17.3277,17.3052,17.3092,
2020/06/23 08:00,17.2792,17.4662,17.2583,17.2884,17.3133,17.3037,
2020/06/23 04:00,17.3004,17.3405,17.2645,17.2817,17.3294,17.3018,
2020/06/23 00:00,17.3327,17.3442,17.2768,17.3007,17.3385,17.2985,
2020/06/22 20:00,17.3675,17.4239,17.2395,17.3277,17.3613,17.2944,
2020/06/22 16:00,17.3659,17.4275,17.3531,17.3679,17.3500,17.2902,
2020/06/22 12:00,17.3288,17.4428,17.2932,17.3692,17.3352,17.2776,
2020/06/22 08:00,17.4139,17.4152,17.3037,17.3268,17.3271,17.2658,
2020/06/22 04:00,17.4180,17.4692,17.4132,17.4150,17.3360,17.2529,
2020/06/20 04:00,17.2896,17.3117,17.2608,17.2711,17.3289,17.2396,
2020/06/20 00:00,17.3282,17.4217,17.2661,17.2939,17.3623,17.2337,
2020/06/19 20:00,17.3712,17.4069,17.2603,17.3286,17.3896,17.2321,
2020/06/19 16:00,17.3793,17.4569,17.3390,17.3714,17.4151,17.2269,
2020/06/19 12:00,17.4379,17.4523,17.3475,17.3796,17.4292,17.2220,
2020/06/19 08:00,17.4294,17.4719,17.3901,17.4380,17.4048,17.2145,
2020/06/19 04:00,17.4561,17.4683,17.4156,17.4305,17.3513,17.2023,
2020/06/19 00:00,17.4418,17.4993,17.4058,17.4561,17.3138,17.1874,
2020/06/18 20:00,17.2581,17.4829,17.2528,17.4418,17.2525,17.1716,
2020/06/18 16:00,17.1702,17.2789,17.1315,17.2577,17.1961,17.1593,
2020/06/18 12:00,17.2421,17.2569,17.1204,17.1703,17.1794,17.1518,
2020/06/18 08:00,17.1482,17.2521,17.1206,17.2433,17.1774,17.1519,
2020/06/18 04:00,17.1614,17.1894,17.1298,17.1492,17.1667,17.1508,
2020/06/18 00:00,17.1746,17.2377,17.1415,17.1601,17.1851,17.1524,
2020/06/17 20:00,17.1596,17.1948,17.0770,17.1743,17.1925,17.1529,
2020/06/17 16:00,17.1893,17.2370,17.0766,17.1601,17.1973,17.1480,
2020/06/17 12:00,17.2412,17.2458,17.1216,17.1898,17.2101,17.1308,
2020/06/17 08:00,17.1967,17.2586,17.1370,17.2411,17.1828,17.1098,
2020/06/17 04:00,17.1952,17.2720,17.1777,17.1974,17.1492,17.0812,
2020/06/17 00:00,17.2261,17.2513,17.1224,17.1980,17.1108,17.0515,
2020/06/16 20:00,17.0534,17.2500,16.8860,17.2242,17.0876,17.0233,
2020/06/16 16:00,17.0736,17.1343,17.0130,17.0533,17.0673,16.9987,
2020/06/16 12:00,17.0051,17.1168,16.9790,17.0733,17.1074,16.9790,
2020/06/16 08:00,17.0821,17.0865,16.9959,17.0050,17.1325,16.9615,
2020/06/16 04:00,17.1216,17.1333,17.0806,17.0820,17.1815,16.9452,
2020/06/16 00:00,17.2532,17.2914,17.0703,17.1230,17.2032,16.9266,
2020/06/15 20:00,17.1987,17.2674,17.1269,17.2536,17.2055,16.9059,
2020/06/15 16:00,17.2502,17.2999,17.1846,17.1990,17.1665,16.8817,
2020/06/15 12:00,17.1907,17.3415,17.1377,17.2498,17.1388,16.8635,
2020/06/15 08:00,17.1350,17.2148,17.1289,17.1908,17.1155,16.8455,
2020/06/15 04:00,17.0936,17.1468,17.0870,17.1344,17.0914,16.8267,
2020/06/13 04:00,17.0579,17.0706,17.0550,17.0584,17.0991,16.8078,
2020/06/13 00:00,17.1298,17.1689,17.0093,17.0607,17.1308,16.7942,
2020/06/12 20:00,17.0698,17.1366,16.9241,17.1330,17.1563,16.7834,
2020/06/12 16:00,17.1683,17.1771,16.9480,17.0704,17.1645,16.7709,
2020/06/12 12:00,17.2148,17.2345,17.0217,17.1731,17.1606,16.7583,
2020/06/12 08:00,17.1885,17.2901,17.1606,17.2166,17.0721,16.7431,
2020/06/12 04:00,17.1730,17.2119,17.1295,17.1885,16.9616,16.7256,
2020/06/12 00:00,17.0530,17.1846,17.0109,17.1739,16.8289,16.7102,
2020/06/11 20:00,16.7290,17.0618,16.7271,17.0510,16.6855,16.6956,
2020/06/11 16:00,16.6629,16.7363,16.5888,16.7303,16.5736,16.6880,
2020/06/11 12:00,16.5276,16.7414,16.5252,16.6642,16.5495,16.6926,
2020/06/11 08:00,16.4513,16.5295,16.4450,16.5252,16.5290,16.6988,
2020/06/11 04:00,16.4886,16.5345,16.4445,16.4569,16.5507,16.7135,
2020/06/11 00:00,16.6094,16.6134,16.3217,16.4912,16.5789,16.7299,
2020/06/10 20:00,16.5637,16.6483,16.5100,16.6098,16.6044,16.7456,
2020/06/10 16:00,16.6396,16.6612,16.5514,16.5619,16.6035,16.7555,
2020/06/10 12:00,16.6005,16.6502,16.5743,16.6336,16.6208,16.7716,
2020/06/10 08:00,16.6265,16.6425,16.5882,16.5981,16.6430,16.7870,
2020/06/10 04:00,16.6074,16.6281,16.5962,16.6185,16.6833,16.8020,
2020/06/10 00:00,16.6482,16.6979,16.5931,16.6056,16.7034,16.8138,
2020/06/09 20:00,16.7436,16.7580,16.6190,16.6481,16.7150,16.8268,
2020/06/09 16:00,16.7991,16.8965,16.7430,16.7446,16.7289,16.8375,
2020/06/09 12:00,16.7183,16.8100,16.7025,16.7996,16.7382,16.8500,
2020/06/09 08:00,16.6628,16.7256,16.6366,16.7189,16.7425,16.8633,
2020/06/09 04:00,16.7166,16.7186,16.6572,16.6640,16.7495,16.8784,
2020/06/09 00:00,16.7903,16.8093,16.7176,16.7176,16.7754,16.8979,
2020/06/08 20:00,16.8204,16.8733,16.7762,16.7911,16.7877,16.9155,
2020/06/08 16:00,16.7557,16.8293,16.7093,16.8208,16.7901,16.9280,
2020/06/08 12:00,16.7951,16.8058,16.7441,16.7542,16.7880,16.9441,
2020/06/08 08:00,16.7822,16.8223,16.7505,16.7931,16.8091,16.9721,
2020/06/08 04:00,16.8067,16.8152,16.7745,16.7794,16.8197,16.9967,
2020/06/06 04:00,16.8109,16.8311,16.7844,16.8032,16.8278,17.0200,
2020/06/06 00:00,16.8600,16.8825,16.7772,16.8099,16.8453,17.0440,
2020/06/05 20:00,16.8454,16.9311,16.7674,16.8599,16.8567,17.0655,
2020/06/05 16:00,16.8179,16.8727,16.7282,16.8460,16.8618,17.0900,
2020/06/05 12:00,16.8907,16.8971,16.8015,16.8200,16.8641,17.1122,
2020/06/05 08:00,16.8695,16.9240,16.8674,16.8907,16.8930,17.1364,
2020/06/05 04:00,16.8867,16.9155,16.8502,16.8670,16.9184,17.1636,
2020/06/05 00:00,16.8569,16.9576,16.8334,16.8852,16.9398,17.1906,
2020/06/04 20:00,16.9639,16.9803,16.8345,16.8574,16.9453,17.2193,
2020/06/04 16:00,17.0188,17.0719,16.9467,16.9646,16.9600,17.2497,
2020/06/04 12:00,16.9730,17.0515,16.9259,17.0178,16.9502,17.2719,
2020/06/04 08:00,16.9124,16.9824,16.9025,16.9739,16.9579,17.2930,
2020/06/04 04:00,16.9372,16.9461,16.8937,16.9128,16.9894,17.3128,
2020/06/04 00:00,16.9154,16.9589,16.8783,16.9308,17.0265,17.3355,
2020/06/03 20:00,17.0522,17.0972,16.8884,16.9159,17.0703,17.3561,
2020/06/03 16:00,17.1322,17.1540,16.9675,17.0563,17.1187,17.3771,
2020/06/03 12:00,17.0959,17.1376,17.0653,17.1313,17.1281,17.3920,
2020/06/03 08:00,17.1470,17.1605,17.0489,17.0980,17.1466,17.4015,
2020/06/03 04:00,17.1590,17.2005,17.1264,17.1501,17.2179,17.4100,
2020/06/03 00:00,17.1024,17.2210,17.1003,17.1577,17.2695,17.4181,
2020/06/02 20:00,17.2243,17.2833,17.0869,17.1032,17.3101,17.4274,
2020/06/02 16:00,17.4527,17.4712,17.2240,17.2240,17.3701,17.4413,
2020/06/02 12:00,17.4043,17.4615,17.3474,17.4545,17.3950,17.4472,
2020/06/02 08:00,17.3587,17.4165,17.3465,17.4080,17.3987,17.4472,
2020/06/02 04:00,17.4041,17.4085,17.3478,17.3610,17.3973,17.4464,
2020/06/02 00:00,17.3495,17.4364,17.3421,17.4031,17.4099,17.4473,
2020/06/01 20:00,17.4723,17.5064,17.3467,17.3486,17.4437,17.4450,
2020/06/01 16:00,17.4020,17.5580,17.3581,17.4729,17.4824,17.4455,
2020/06/01 12:00,17.4208,17.4433,17.3278,17.4008,17.5080,17.4428,
2020/06/01 08:00,17.5774,17.5825,17.4072,17.4239,17.5516,17.4463,
2020/06/01 04:00,17.5219,17.5820,17.5209,17.5722,17.5708,17.4526,
2020/05/30 04:00,17.5946,17.5946,17.5220,17.5420,17.5650,17.4538,
2020/05/30 00:00,17.6166,17.6605,17.5458,17.6012,17.5505,17.4575,
2020/05/29 20:00,17.5180,17.6295,17.4176,17.6187,17.5265,17.4601,
2020/05/29 16:00,17.5434,17.6284,17.4687,17.5200,17.4920,17.4590,
2020/05/29 12:00,17.4662,17.5515,17.4176,17.5429,17.4759,17.4619,
2020/05/29 08:00,17.4746,17.5169,17.4652,17.4695,17.4534,17.4631,
2020/05/29 04:00,17.4457,17.5294,17.4330,17.4812,17.4328,17.4681,
2020/05/29 00:00,17.4392,17.4637,17.3440,17.4463,17.3989,17.4726,
2020/05/28 20:00,17.4308,17.4695,17.3245,17.4394,17.3802,17.4795,
2020/05/28 16:00,17.3673,17.4728,17.3540,17.4306,17.3703,17.4901,
2020/05/28 12:00,17.3131,17.3780,17.2930,17.3665,17.3745,17.4986,
2020/05/28 08:00,17.3558,17.3629,17.3082,17.3116,17.3751,17.5123,
2020/05/28 04:00,17.3946,17.4014,17.3433,17.3527,17.4039,17.5244,
2020/05/28 00:00,17.4510,17.4673,17.3815,17.3899,17.4110,17.5337,
2020/05/27 20:00,17.3708,17.4853,17.3450,17.4519,17.4096,17.5413,
2020/05/27 16:00,17.4552,17.5314,17.3677,17.3696,17.3886,17.5501,
2020/05/27 12:00,17.3904,17.4998,17.3607,17.4553,17.3867,17.5716,
2020/05/27 08:00,17.3855,17.4189,17.3703,17.3884,17.3766,17.5939,
2020/05/27 04:00,17.3480,17.4192,17.3307,17.3828,17.3967,17.6182,
2020/05/27 00:00,17.3595,17.4249,17.3213,17.3470,17.4362,17.6385,
2020/05/26 20:00,17.4057,17.4370,17.3541,17.3598,17.4876,17.6602,
2020/05/26 16:00,17.4893,17.5083,17.3897,17.4052,17.5423,17.6835,
2020/05/26 12:00,17.5780,17.5840,17.4522,17.4886,17.5945,17.7082,
2020/05/26 08:00,17.6146,17.6366,17.5695,17.5806,17.6149,17.7411,
2020/05/26 04:00,17.6313,17.6350,17.5966,17.6038,17.6175,17.7697,
2020/05/26 00:00,17.6680,17.6759,17.6080,17.6333,17.6114,17.7987,
2020/05/25 20:00,17.5903,17.7255,17.5903,17.6661,17.6036,17.8229,
2020/05/25 16:00,17.5948,17.6592,17.5574,17.5909,17.5891,17.8450,
2020/05/25 12:00,17.5750,17.5971,17.5225,17.5936,17.5947,17.8697,
2020/05/25 08:00,17.5976,17.5976,17.5514,17.5730,17.6171,17.8960,
2020/05/25 04:00,17.6027,17.6058,17.5877,17.5946,17.6310,17.9273,
2020/05/23 04:00,17.6202,17.6250,17.5858,17.5934,17.6537,17.9568,
2020/05/23 00:00,17.7058,17.7294,17.5907,17.6190,17.6581,17.9876,
2020/05/22 20:00,17.6429,17.8041,17.6010,17.7055,17.6511,18.0190,
2020/05/22 16:00,17.7078,17.8742,17.6370,17.6423,17.6262,18.0499,
2020/05/22 12:00,17.6168,17.7196,17.6150,17.7085,17.6321,18.0821,
2020/05/22 08:00,17.5825,17.6230,17.5457,17.6154,17.6714,18.1138,
2020/05/22 04:00,17.5818,17.6104,17.5592,17.5839,17.7509,18.1522,
2020/05/22 00:00,17.6713,17.7251,17.5556,17.5808,17.8333,18.1927,
2020/05/21 20:00,17.9064,17.9075,17.5104,17.6719,17.8955,18.2332,
2020/05/21 16:00,18.0130,18.0375,17.8785,17.9052,17.9388,18.2687,
2020/05/21 12:00,17.9958,18.0436,17.9698,18.0129,17.9466,18.2933,
2020/05/21 08:00,17.8896,17.9966,17.8891,17.9958,17.9482,18.3108,
2020/05/21 04:00,17.8875,17.9329,17.8781,17.8917,18.0114,18.3290,
2020/05/21 00:00,17.9447,17.9825,17.8882,17.8882,18.0921,18.3506,
2020/05/20 20:00,18.0194,18.0548,17.9231,17.9443,18.1802,18.3763,
2020/05/20 16:00,18.3112,18.3112,17.9679,18.0210,18.2389,18.4027,
2020/05/20 12:00,18.2974,18.3510,18.2615,18.3117,18.2789,18.4285,
2020/05/20 08:00,18.3291,18.3321,18.2636,18.2951,18.2578,18.4385,
2020/05/20 04:00,18.2383,18.3474,18.2381,18.3291,18.2493,18.4472,
2020/05/20 00:00,18.2215,18.2752,18.2132,18.2374,18.2546,18.4531,
2020/05/19 20:00,18.2060,18.2912,18.1743,18.2210,18.2732,18.4672,
2020/05/19 16:00,18.2562,18.3090,18.1892,18.2066,18.3019,18.4765,
2020/05/19 12:00,18.3576,18.3712,18.2485,18.2523,18.3415,18.4829,
2020/05/19 08:00,18.3306,18.3663,18.2982,18.3555,18.3864,18.4893,
2020/05/19 04:00,18.3637,18.3674,18.3166,18.3306,18.4046,18.4903,
2020/05/19 00:00,18.4038,18.4312,18.3362,18.3643,18.4388,18.4935,
2020/05/18 20:00,18.4298,18.4751,18.3338,18.4048,18.4812,18.4931,
2020/05/18 16:00,18.4467,18.5482,18.3932,18.4768,18.5193,18.4861,
2020/05/18 12:00,18.5025,18.5429,18.4165,18.4466,18.5427,18.4779,
2020/05/18 08:00,18.5743,18.5832,18.4973,18.5014,18.5655,18.4792,
2020/05/18 04:00,18.5575,18.5790,18.5466,18.5765,18.5690,18.4768,
2020/05/16 04:00,18.5909,18.6015,18.5882,18.5951,18.5440,18.4684,
2020/05/16 00:00,18.5606,18.6018,18.5035,18.5939,18.5149,18.4605,
2020/05/15 20:00,18.5185,18.6145,18.4351,18.5607,18.4825,18.4515,
2020/05/15 16:00,18.4521,18.5290,18.3401,18.5188,18.4767,18.4453,
2020/05/15 12:00,18.4513,18.4834,18.4311,18.4516,18.4937,18.4338,
2020/05/15 08:00,18.4340,18.4605,18.4223,18.4493,18.5363,18.4256,
2020/05/15 04:00,18.5313,18.5395,18.4175,18.4319,18.5589,18.4209,
2020/05/15 00:00,18.6030,18.6244,18.5165,18.5320,18.5751,18.4178,
2020/05/14 20:00,18.6642,18.7505,18.5730,18.6038,18.5639,18.4101,
2020/05/14 16:00,18.5582,18.6783,18.4597,18.6646,18.5612,18.3987,
2020/05/14 12:00,18.5106,18.5934,18.4643,18.5624,18.5191,18.3900,
2020/05/14 08:00,18.4788,18.5388,18.4636,18.5127,18.4797,18.3903,
2020/05/14 04:00,18.5904,18.5904,18.4702,18.4759,18.4596,18.3904,
2020/05/14 00:00,18.4521,18.5930,18.4180,18.5906,18.4405,18.3931,
2020/05/13 20:00,18.3662,18.4623,18.2541,18.4538,18.4048,18.3934,
2020/05/13 16:00,18.4118,18.5296,18.3473,18.3654,18.3847,18.4009,
2020/05/13 12:00,18.3824,18.4123,18.3021,18.4123,18.3580,18.4111,
2020/05/13 08:00,18.4135,18.4566,18.3786,18.3805,18.3299,18.4225,
2020/05/13 04:00,18.3509,18.4468,18.3452,18.4121,18.3495,18.4332,
2020/05/13 00:00,18.2311,18.3673,18.2160,18.3532,18.3554,18.4478,
2020/05/12 20:00,18.2713,18.3177,18.1687,18.2318,18.3581,18.4612,
2020/05/12 16:00,18.4794,18.4988,18.2648,18.2717,18.3911,18.4822,
2020/05/12 12:00,18.4444,18.5205,18.3953,18.4786,18.4107,18.4927,
2020/05/12 08:00,18.3685,18.4737,18.3668,18.4418,18.3958,18.4879,
2020/05/12 04:00,18.3981,18.4352,18.3461,18.3665,18.3537,18.4911,
2020/05/12 00:00,18.3697,18.4407,18.3395,18.3968,18.3298,18.4956,
2020/05/11 20:00,18.4031,18.4553,18.3409,18.3697,18.3166,18.4963,
2020/05/11 16:00,18.2324,18.4285,18.2121,18.4041,18.3137,18.4965,
2020/05/11 12:00,18.2446,18.2957,18.2058,18.2315,18.3006,18.4948,
2020/05/11 08:00,18.3310,18.3405,18.2367,18.2471,18.3181,18.5021,
2020/05/11 04:00,18.3225,18.3325,18.3207,18.3306,18.3583,18.5109,
2020/05/09 04:00,18.3367,18.3588,18.3293,18.3552,18.4062,18.5165,
2020/05/09 00:00,18.3205,18.3938,18.2930,18.3386,18.4383,18.5267,
2020/05/08 20:00,18.4486,18.4853,18.3037,18.3192,18.4792,18.5398,
2020/05/08 16:00,18.5714,18.5714,18.4273,18.4480,18.5347,18.5546,
2020/05/08 12:00,18.5183,18.5794,18.5101,18.5702,18.5737,18.5696,
2020/05/08 08:00,18.5422,18.5707,18.5050,18.5157,18.5836,18.5814,
2020/05/08 04:00,18.5989,18.6558,18.5429,18.5429,18.6201,18.5935,
2020/05/08 00:00,18.6423,18.6480,18.5215,18.5969,18.6410,18.6044,
2020/05/07 20:00,18.6197,18.6968,18.5122,18.6429,18.6771,18.6147,
2020/05/07 16:00,18.7051,18.7251,18.5314,18.6196,18.6862,18.6231,
2020/05/07 12:00,18.6475,18.7798,18.6304,18.6981,18.7135,18.6292,
2020/05/07 08:00,18.7752,18.8147,18.6343,18.6475,18.6808,18.6286,
2020/05/07 04:00,18.6871,18.7952,18.6537,18.7775,18.6227,18.6307,
2020/05/07 00:00,18.7566,18.8277,18.6439,18.6885,18.5718,18.6199,
2020/05/06 20:00,18.5351,18.7719,18.5112,18.7557,18.5300,18.6127,
2020/05/06 16:00,18.3585,18.5850,18.3509,18.5346,18.4615,18.5972,
2020/05/06 12:00,18.5245,18.5293,18.3352,18.3571,18.4295,18.5794,
2020/05/06 08:00,18.4796,18.5530,18.4610,18.5232,18.4306,18.5697,
2020/05/06 04:00,18.4114,18.5149,18.4113,18.4796,18.4086,18.5567,
2020/05/06 00:00,18.3735,18.5291,18.3573,18.4132,18.4063,18.5436,
2020/05/05 20:00,18.3633,18.4477,18.2663,18.3746,18.4178,18.5328,
2020/05/05 16:00,18.4140,18.4451,18.3169,18.3624,18.4650,18.5291,
2020/05/05 12:00,18.4705,18.4804,18.3645,18.4131,18.5257,18.5355,
2020/05/05 08:00,18.4708,18.5003,18.4433,18.4680,18.5806,18.5401,
2020/05/05 04:00,18.6092,18.6179,18.4626,18.4708,18.6518,18.5438,
2020/05/05 00:00,18.6669,18.7164,18.6036,18.6107,18.7308,18.5487,
2020/05/04 20:00,18.6877,18.7193,18.5967,18.6657,18.7721,18.5499,
2020/05/04 16:00,18.8250,18.8999,18.6695,18.6878,18.8019,18.5504,
2020/05/04 12:00,18.8681,18.9517,18.8213,18.8240,18.8356,18.5456,
2020/05/04 08:00,18.8393,18.9376,18.8251,18.8659,18.8414,18.5472,
2020/05/04 04:00,18.8156,18.8581,18.8156,18.8169,18.8222,18.5452,
2020/05/02 04:00,18.8550,18.8573,18.8103,18.8148,18.7959,18.5433,
2020/05/02 00:00,18.8538,18.8769,18.7680,18.8564,18.7725,18.5419,
2020/05/01 20:00,18.7734,18.8691,18.7229,18.8528,18.7028,18.5417,
2020/05/01 16:00,18.6845,18.8791,18.6425,18.7701,18.6340,18.5405,
2020/05/01 12:00,18.6956,18.7170,18.6591,18.6852,18.5538,18.5433,
2020/05/01 08:00,18.4940,18.7255,18.4782,18.6980,18.4345,18.5542,
2020/05/01 04:00,18.5081,18.5411,18.4835,18.5078,18.3181,18.5675,
2020/05/01 00:00,18.3691,18.6005,18.3109,18.5091,18.2560,18.5898,
2020/04/30 20:00,18.0883,18.3804,18.0208,18.3689,18.1847,18.6104,
2020/04/30 16:00,18.1157,18.1469,18.0146,18.0889,18.1393,18.6346,
2020/04/30 12:00,18.1994,18.2039,18.1017,18.1157,18.1782,18.6649,
2020/04/30 08:00,18.1503,18.2222,18.1347,18.1974,18.2592,18.7051,
2020/04/30 04:00,18.1431,18.1888,18.1037,18.1525,18.3255,18.7392,
2020/04/30 00:00,18.2826,18.2963,18.1357,18.1420,18.4070,18.7772,
2020/04/29 20:00,18.5218,18.5259,18.2471,18.2835,18.4973,18.8130,
2020/04/29 16:00,18.5276,18.5618,18.4356,18.5207,18.5687,18.8410,
2020/04/29 12:00,18.5595,18.5929,18.5112,18.5290,18.6006,18.8628,
2020/04/29 08:00,18.6001,18.6042,18.5528,18.5600,18.6083,18.8786,
2020/04/29 04:00,18.6393,18.6842,18.5835,18.5935,18.6688,18.8973,
2020/04/29 00:00,18.6800,18.7040,18.6031,18.6403,18.7133,18.9133,
2020/04/28 20:00,18.5657,18.7015,18.5588,18.6800,18.7390,18.9282,
2020/04/28 16:00,18.8640,18.8718,18.5472,18.5678,18.7593,18.9384,
2020/04/28 12:00,18.8181,18.8643,18.7844,18.8625,18.8158,18.9443,
2020/04/28 08:00,18.7716,18.8652,18.7627,18.8159,18.8078,18.9458,
2020/04/28 04:00,18.7814,18.7905,18.7596,18.7690,18.8129,18.9515,
2020/04/28 00:00,18.8524,18.8719,18.7692,18.7812,18.8506,18.9591,
2020/04/27 20:00,18.8220,18.8666,18.7569,18.8504,18.9006,18.9679,
2020/04/27 16:00,18.8323,18.9233,18.8050,18.8227,18.9433,18.9734,
2020/04/27 12:00,18.9465,18.9587,18.8053,18.8413,18.9838,18.9809,
2020/04/27 08:00,19.0312,19.0371,18.9491,18.9574,19.0102,18.9819,
2020/04/27 04:00,19.0210,19.0569,19.0170,19.0312,18.9878,18.9775,
2020/04/25 04:00,19.0226,19.0640,19.0185,19.0640,19.0057,18.9670,
2020/04/25 00:00,18.9713,19.0647,18.9493,19.0252,19.0032,18.9591,
2020/04/24 20:00,18.8465,19.0178,18.8462,18.9733,19.0187,18.9476,
2020/04/24 16:00,19.1172,19.1709,18.8270,18.8455,19.0312,18.9416,
2020/04/24 12:00,19.0483,19.1783,19.0477,19.1206,19.0586,18.9451,
2020/04/24 08:00,19.1047,19.1072,19.0183,19.0513,19.0480,18.9312,
2020/04/24 04:00,19.0379,19.1227,19.0379,19.1027,19.0225,18.9200,
2020/04/24 00:00,18.9822,19.1169,18.9552,19.0361,19.0072,18.9089,
2020/04/23 20:00,19.0665,19.1278,18.9367,18.9824,18.9986,18.8999,
2020/04/23 16:00,18.9220,19.1720,18.9057,19.0675,19.0050,18.8957,
2020/04/23 12:00,19.0263,19.0270,18.8655,18.9237,18.9784,18.8838,
2020/04/23 08:00,18.9931,19.0418,18.9716,19.0263,18.9367,18.8756,
2020/04/23 04:00,19.0149,19.0331,18.9809,18.9931,18.9115,18.8621,
2020/04/23 00:00,18.9367,19.0608,18.9311,19.0143,18.9043,18.8504,
2020/04/22 20:00,18.7158,18.9552,18.7141,18.9345,18.8933,18.8447,
2020/04/22 16:00,18.9156,18.9202,18.7138,18.7153,18.9066,18.8327,
2020/04/22 12:00,18.9559,19.0613,18.8878,18.9004,18.9615,18.8276,
2020/04/22 08:00,18.9555,19.0323,18.9344,18.9571,18.9833,18.8155,
2020/04/22 04:00,19.0002,19.0064,18.9161,18.9590,18.9651,18.8049,
2020/04/22 00:00,18.9911,19.0221,18.8792,19.0011,18.9426,18.7931,
2020/04/21 20:00,19.0109,19.0235,18.8321,18.9898,18.8961,18.7798,
2020/04/21 16:00,18.8656,19.1090,18.8477,19.0096,18.8715,18.7670,
2020/04/21 12:00,18.8469,18.8905,18.7937,18.8658,18.8175,18.7535,
2020/04/21 08:00,18.7685,18.8793,18.7617,18.8469,18.8090,18.7394,
2020/04/21 04:00,18.8658,18.8769,18.7582,18.7685,18.8259,18.7185,
2020/04/21 00:00,18.7421,18.8756,18.7302,18.8667,18.8271,18.6993,
2020/04/20 20:00,18.8225,18.8392,18.6993,18.7395,18.8078,18.6771,
2020/04/20 16:00,18.9302,18.9431,18.7260,18.8233,18.8250,18.6589,
2020/04/20 12:00,18.7746,18.9419,18.7652,18.9313,18.8225,18.6368,
2020/04/20 08:00,18.7691,18.8157,18.7564,18.7746,18.8119,18.6017,
2020/04/20 04:00,18.7786,18.8054,18.7211,18.7704,18.8109,18.5725,
2020/04/18 04:00,18.8061,18.8294,18.7695,18.8254,18.8005,18.5454,
2020/04/18 00:00,18.8805,18.9225,18.8034,18.8107,18.7731,18.5150,
2020/04/17 20:00,18.7689,18.9186,18.6757,18.8783,18.7511,18.4885,
2020/04/17 16:00,18.7177,18.8781,18.6650,18.7698,18.7497,18.4568,
2020/04/17 12:00,18.6906,18.7771,18.5914,18.7184,18.7229,18.4277,
2020/04/17 08:00,18.7004,18.7185,18.6168,18.6882,18.6965,18.4023,
2020/04/17 04:00,18.8765,18.9545,18.6510,18.7009,18.6787,18.3745,
2020/04/17 00:00,18.6349,18.9184,18.6208,18.8711,18.6769,18.3449,
2020/04/16 20:00,18.5867,18.6876,18.4873,18.6358,18.6355,18.3090,
2020/04/16 16:00,18.5988,18.6994,18.5593,18.5867,18.6422,18.2829,
2020/04/16 12:00,18.6946,18.7152,18.5808,18.5988,18.6584,18.2594,
2020/04/16 08:00,18.6662,18.7129,18.6625,18.6921,18.6731,18.2336,
2020/04/16 04:00,18.6701,18.7086,18.6288,18.6642,18.6376,18.2064,
2020/04/16 00:00,18.6654,18.7464,18.6329,18.6691,18.5695,18.1798,
2020/04/15 20:00,18.6703,18.8157,18.6209,18.6678,18.4934,18.1564,
2020/04/15 16:00,18.5176,18.7665,18.4892,18.6722,18.4222,18.1245,
2020/04/15 12:00,18.3211,18.5148,18.2720,18.5148,18.3445,18.0984,
2020/04/15 08:00,18.2889,18.3335,18.2889,18.3235,18.2960,18.0838,
2020/04/15 04:00,18.3088,18.3235,18.2835,18.2889,18.2418,18.0776,
2020/04/15 00:00,18.2824,18.4291,18.2671,18.3117,18.1931,18.0741,
2020/04/14 20:00,18.2658,18.3894,18.2061,18.2835,18.1494,18.0692,
2020/04/14 16:00,18.0534,18.3565,17.9740,18.2724,18.1057,18.0654,
2020/04/14 12:00,18.0457,18.0984,17.9787,18.0524,18.0810,18.0633,
2020/04/14 08:00,18.0932,18.1229,18.0295,18.0454,18.0874,18.0751,
2020/04/14 04:00,18.0659,18.1229,18.0649,18.0932,18.0867,18.0846,
2020/04/14 00:00,18.1473,18.1772,18.0376,18.0651,18.0847,18.0884,
2020/04/13 20:00,18.0845,18.1704,18.0051,18.1487,18.0706,18.0958,
2020/04/13 16:00,18.0390,18.1275,18.0360,18.0845,18.0331,18.1016,
2020/04/13 12:00,18.0752,18.1447,18.0222,18.0419,18.0108,18.1099,
2020/04/13 08:00,17.9950,18.0835,17.9920,18.0835,17.9989,18.1292,
2020/04/13 04:00,17.9894,17.9998,17.9831,17.9944,17.9824,18.1526,
2020/04/11 04:00,17.9725,17.9895,17.9557,17.9612,17.9743,18.1790,
2020/04/11 00:00,17.9826,17.9985,17.9581,17.9728,17.9844,18.2037,
2020/04/10 20:00,18.0113,18.0113,17.9304,17.9825,17.9896,18.2322,
2020/04/10 16:00,17.9575,18.0153,17.9295,18.0011,18.0098,18.2685,
2020/04/10 12:00,18.0122,18.0260,17.9515,17.9537,17.9838,18.3142,
2020/04/10 08:00,17.9919,18.0283,17.9887,18.0121,17.9971,18.3680,
2020/04/10 04:00,18.0860,18.1099,17.9484,17.9985,18.0245,18.4183,
2020/04/10 00:00,17.8704,18.1089,17.8696,18.0836,18.0583,18.4595,
2020/04/09 20:00,18.0189,18.0985,17.8387,17.8710,18.0819,18.4981,
2020/04/09 16:00,18.1486,18.1505,17.9946,18.0203,18.1458,18.5353,
2020/04/09 12:00,18.1656,18.2620,18.1476,18.1492,18.1793,18.5673,
2020/04/09 08:00,18.1971,18.1996,18.1517,18.1675,18.1937,18.5867,
2020/04/09 04:00,18.1912,18.2697,18.1844,18.2017,18.2297,18.6014,
2020/04/09 00:00,18.1885,18.2956,18.1141,18.1902,18.2455,18.6116,
2020/04/08 20:00,18.2248,18.2695,18.1514,18.1881,18.2454,18.6244,
2020/04/08 16:00,18.3473,18.4382,18.1067,18.2210,18.2575,18.6361,
2020/04/08 12:00,18.2964,18.4112,18.2795,18.3475,18.2721,18.6422,
2020/04/08 08:00,18.1888,18.3179,18.1780,18.2805,18.2613,18.6339,
2020/04/08 04:00,18.2430,18.3039,18.1290,18.1897,18.3098,18.6324,
2020/04/08 00:00,18.2943,18.3219,18.0834,18.2487,18.4058,18.6343,
2020/04/07 20:00,18.2935,18.3855,18.0717,18.2939,18.4867,18.6338,
2020/04/07 16:00,18.5177,18.5177,18.2285,18.2938,18.5438,18.6211,
2020/04/07 12:00,18.6212,18.6995,18.5066,18.5229,18.6219,18.6087,
2020/04/07 08:00,18.6005,18.6800,18.5955,18.6695,18.6953,18.5903,
2020/04/07 04:00,18.5846,18.7053,18.5846,18.6534,18.7903,18.5559,
2020/04/07 00:00,18.6982,18.7188,18.5205,18.5795,18.9196,18.5224,
2020/04/06 20:00,18.8890,18.9167,18.6844,18.6844,19.0576,18.4911,
2020/04/06 16:00,19.1462,19.1560,18.8095,18.8899,19.1260,18.4578,
2020/04/06 12:00,19.2977,19.3018,19.0812,19.1442,19.1581,18.4150,
2020/04/06 08:00,19.2719,19.3407,19.2008,19.2998,19.0895,18.3699,
2020/04/06 04:00,19.0422,19.2982,19.0226,19.2699,18.9935,18.3133,
2020/04/04 04:00,19.0544,19.0652,18.9447,19.0262,18.8665,18.2584,
2020/04/04 00:00,18.8040,19.0754,18.7815,19.0505,18.7683,18.2157,
2020/04/03 20:00,18.8174,18.8606,18.6705,18.8013,18.6492,18.1713,
2020/04/03 16:00,18.6364,18.8508,18.6282,18.8196,18.5909,18.1325,
2020/04/03 12:00,18.5371,18.6415,18.5073,18.6347,18.5234,18.0997,
2020/04/03 08:00,18.4555,18.5403,18.4374,18.5353,18.4710,18.0711,
2020/04/03 04:00,18.5095,18.5360,18.3912,18.4553,18.3918,18.0484,
2020/04/03 00:00,18.4803,18.6167,18.4341,18.5095,18.3495,18.0159,
2020/04/02 20:00,18.3739,18.6540,18.3454,18.4824,18.2951,17.9774,
2020/04/02 16:00,18.1398,18.3965,18.1153,18.3727,18.2460,17.9422,
2020/04/02 12:00,18.2413,18.2522,18.0715,18.1389,18.1664,17.9084,
2020/04/02 08:00,18.2371,18.2574,18.2196,18.2439,18.1356,17.8803,
2020/04/02 04:00,18.2381,18.2628,18.1752,18.2376,18.0992,17.8433,
2020/04/02 00:00,17.9758,18.2385,17.9507,18.2370,18.0135,17.8062,
2020/04/01 20:00,17.9850,18.0395,17.8507,17.9744,17.9297,17.7670,
2020/04/01 16:00,18.0612,18.0613,17.9423,17.9849,17.8940,17.7433,
2020/04/01 12:00,17.8134,18.0665,17.8119,18.0620,17.8676,17.7238,
2020/04/01 08:00,17.8162,17.8486,17.7968,17.8090,17.8188,17.6998,
2020/04/01 04:00,17.7920,17.8918,17.7785,17.8180,17.8603,17.6786,
2020/04/01 00:00,17.8512,17.8821,17.6409,17.7962,17.8739,17.6583,
2020/03/31 20:00,17.8190,17.9144,17.7751,17.8528,17.8940,17.6379,
2020/03/31 16:00,18.0159,18.0313,17.7905,17.8180,17.9153,17.6217,
2020/03/31 12:00,17.8920,18.0304,17.8765,18.0166,17.9399,17.6039,
2020/03/31 08:00,17.8965,17.9684,17.8661,17.8859,17.9028,17.5794,
2020/03/31 04:00,17.9505,17.9505,17.8609,17.8965,17.9254,17.5652,
2020/03/31 00:00,17.9430,18.0004,17.9249,17.9593,17.9300,17.5486,
2020/03/30 20:00,17.8302,18.0086,17.7671,17.9411,17.9319,17.5290,
2020/03/30 16:00,17.9970,18.0153,17.7801,17.8311,17.8722,17.5160,
2020/03/30 12:00,17.9195,18.0246,17.8732,17.9988,17.8152,17.5059,
2020/03/30 08:00,17.9688,17.9694,17.8225,17.9195,17.7361,17.4886,
2020/03/30 04:00,17.9990,17.9998,17.9530,17.9689,17.6575,17.4762,
2020/03/28 04:00,17.5475,17.6488,17.5444,17.6427,17.5512,17.4684,
2020/03/28 00:00,17.6041,17.6588,17.4697,17.5460,17.4865,17.4738,
2020/03/27 20:00,17.5248,17.6563,17.4725,17.6035,17.4391,17.4807,
2020/03/27 16:00,17.4497,17.5718,17.3918,17.5265,17.3701,17.4846,
2020/03/27 12:00,17.3153,17.4411,17.2848,17.4371,17.3412,17.4923,
2020/03/27 08:00,17.3110,17.3514,17.2939,17.3195,17.3531,17.5018,
2020/03/27 04:00,17.2539,17.3246,17.2504,17.3090,17.3818,17.5155,
2020/03/27 00:00,17.3820,17.3876,17.2282,17.2583,17.3758,17.5257,
2020/03/26 20:00,17.4951,17.5256,17.3533,17.3820,17.3858,17.5346,
2020/03/26 16:00,17.4668,17.5962,17.4170,17.4967,17.3670,17.5331,
2020/03/26 12:00,17.2830,17.4658,17.2790,17.4632,17.3572,17.5258,
2020/03/26 08:00,17.3130,17.3409,17.2523,17.2790,17.3393,17.5181,
2020/03/26 04:00,17.2867,17.3255,17.2491,17.3083,17.3639,17.5186,
2020/03/26 00:00,17.4459,17.4590,17.1580,17.2876,17.4085,17.5215,
2020/03/25 20:00,17.3758,17.5263,17.3508,17.4478,17.4472,17.5277,
2020/03/25 16:00,17.4023,17.4394,17.2488,17.3736,17.4517,17.5252,
2020/03/25 12:00,17.5258,17.5984,17.3822,17.4022,17.5002,17.5252,
2020/03/25 08:00,17.4805,17.5530,17.4581,17.5311,17.5355,17.5253,
2020/03/25 04:00,17.4686,17.5198,17.4370,17.4815,17.5426,17.5210,
2020/03/25 00:00,17.6126,17.6793,17.4344,17.4699,17.5683,17.5055,
2020/03/24 20:00,17.5767,17.6668,17.5141,17.6164,17.6291,17.4929,
2020/03/24 16:00,17.5636,17.7735,17.5193,17.5785,17.6612,17.4706,
2020/03/24 12:00,17.6088,17.6981,17.5540,17.5669,17.6891,17.4453,
2020/03/24 08:00,17.7777,17.7789,17.5939,17.6100,17.7162,17.4089,
2020/03/24 04:00,17.7762,17.8257,17.7030,17.7739,17.7379,17.3663,
2020/03/24 00:00,17.7182,17.7922,17.6275,17.7765,17.7178,17.3186,
2020/03/23 20:00,17.7025,17.7965,17.4788,17.7180,17.6948,17.2705,
2020/03/23 16:00,17.7139,17.8853,17.6565,17.7026,17.6643,17.2269,
2020/03/23 12:00,17.6747,17.7499,17.6457,17.7186,17.6201,17.1822,
2020/03/23 08:00,17.7065,17.7166,17.6340,17.6732,17.5450,17.1345,
2020/03/23 04:00,17.5163,17.6891,17.5156,17.6618,17.4731,17.0909,
2020/03/21 04:00,17.4667,17.5743,17.4667,17.5653,17.3950,17.0484,
2020/03/21 00:00,17.3450,17.5657,17.3316,17.4815,17.3402,17.0120,
2020/03/20 20:00,17.3123,17.5019,17.2047,17.3434,17.3200,16.9758,
2020/03/20 16:00,17.2709,17.3652,17.1438,17.3135,17.3399,16.9486,
2020/03/20 12:00,17.2945,17.3498,17.2386,17.2711,17.3543,16.9135,
2020/03/20 08:00,17.3810,17.4081,17.2848,17.2915,17.3746,16.8748,
2020/03/20 04:00,17.4488,17.5211,17.3270,17.3805,17.3974,16.8389,
2020/03/20 00:00,17.3878,17.4827,17.1755,17.4428,17.4063,16.7923,
2020/03/19 20:00,17.3685,17.4548,17.1206,17.3858,17.3363,16.7437,
2020/03/19 16:00,17.4080,17.4833,17.1555,17.3725,17.2902,16.6959,
2020/03/19 12:00,17.4264,17.5290,17.3808,17.4054,17.2274,16.6479,
2020/03/19 08:00,17.1923,17.4268,17.1890,17.4250,17.1353,16.6100,
2020/03/19 04:00,17.1541,17.2399,17.0044,17.0928,16.9820,16.5759,
2020/03/19 00:00,17.0575,17.4032,17.0053,17.1554,16.8725,16.5524,
2020/03/18 20:00,16.9482,17.0975,16.8955,17.0583,16.7575,16.5231,
2020/03/18 16:00,16.6575,16.9599,16.6575,16.9451,16.6606,16.4996,
2020/03/18 12:00,16.5451,16.7088,16.5340,16.6582,16.5974,16.4774,
2020/03/18 08:00,16.5444,16.5709,16.4950,16.5457,16.5829,16.4661,
2020/03/18 04:00,16.5772,16.6373,16.5040,16.5801,16.5785,16.4613,
2020/03/18 00:00,16.6303,16.6627,16.5441,16.5739,16.5794,16.4449,
2020/03/17 20:00,16.5850,16.7254,16.4682,16.6292,16.5846,16.4307,
2020/03/17 16:00,16.5282,16.6414,16.4265,16.5856,16.5899,16.4098,
2020/03/17 12:00,16.5864,16.6095,16.4746,16.5237,16.5877,16.3886,
2020/03/17 08:00,16.6032,16.6245,16.5070,16.5845,16.6159,16.3682,
2020/03/17 04:00,16.6620,16.7126,16.5997,16.6000,16.5860,16.3428,
2020/03/17 00:00,16.5759,16.6856,16.4763,16.6555,16.5270,16.3154,
2020/03/16 20:00,16.6612,16.6962,16.5466,16.5749,16.4745,16.2872,
2020/03/16 16:00,16.4400,16.7335,16.4341,16.6647,16.4028,16.2665,
2020/03/16 12:00,16.3099,16.4692,16.2607,16.4347,16.3153,16.2324,
2020/03/16 08:00,16.3952,16.4253,16.1876,16.3052,16.2666,16.2108,
2020/03/16 04:00,16.3101,16.4166,16.2742,16.3929,16.2397,16.1966,
2020/03/14 04:00,16.2270,16.3015,16.1212,16.2165,16.2530,16.1832,
2020/03/14 00:00,16.1925,16.3907,16.1803,16.2270,16.3244,16.1809,
2020/03/13 20:00,16.1708,16.2882,16.0115,16.1912,16.3797,16.1690,
2020/03/13 16:00,16.4580,16.4700,16.1241,16.1709,16.4262,16.1604,
2020/03/13 12:00,16.5814,16.6010,16.3037,16.4594,16.4862,16.1605,
2020/03/13 08:00,16.5040,16.5867,16.5019,16.5733,16.4720,16.1500,
2020/03/13 04:00,16.4554,16.5810,16.3997,16.5037,16.4329,16.1379,
2020/03/13 00:00,16.4775,16.5799,16.0505,16.4237,16.4172,16.1024,
2020/03/12 20:00,16.3878,16.5361,16.3625,16.4710,16.3662,16.0712,
2020/03/12 16:00,16.3779,16.4765,16.2898,16.3884,16.3161,16.0403,
2020/03/12 12:00,16.4175,16.4435,16.2755,16.3779,16.2597,16.0126,
2020/03/12 08:00,16.1720,16.4512,16.1695,16.4248,16.1951,15.9819,
2020/03/12 04:00,16.2182,16.2867,16.1602,16.1690,16.1130,15.9523,
2020/03/12 00:00,16.1049,16.2497,16.0882,16.2206,16.0692,15.9278,
2020/03/11 20:00,16.0556,16.1381,15.9977,16.1062,16.0081,15.9033,
2020/03/11 16:00,16.0159,16.0970,15.9502,16.0551,15.9767,15.8802,
2020/03/11 12:00,15.9498,16.0364,15.9380,16.0142,15.9774,15.8517,
2020/03/11 08:00,15.9153,16.0051,15.9071,15.9498,15.9371,15.8209,
2020/03/11 04:00,15.9474,15.9772,15.8507,15.9152,15.9257,15.7942,
2020/03/11 00:00,16.0584,16.1032,15.9056,15.9492,15.9326,15.7675,
2020/03/10 20:00,15.8120,16.0798,15.7833,16.0588,15.9544,15.7401,
2020/03/10 16:00,15.8920,16.0302,15.7437,15.8123,15.9745,15.7113,
2020/03/10 12:00,15.9407,15.9669,15.8118,15.8932,15.9981,-----,
2020/03/10 08:00,16.0593,16.0930,15.9240,15.9495,16.0148,-----,
2020/03/10 04:00,16.1482,16.2516,16.0501,16.0581,16.0595,-----,
2020/03/10 00:00,15.9291,16.2593,15.8603,16.1594,16.0870,-----,
2020/03/09 20:00,15.9809,16.0844,15.8454,15.9302,16.1096,-----,
2020/03/09 16:00,16.1668,16.3171,15.8872,15.9767,16.0467,-----,
2020/03/09 12:00,16.1434,16.2965,15.9865,16.1733,15.9800,-----,
2020/03/09 08:00,16.0012,16.5767,15.9274,16.1955,15.8849,-----,
2020/03/09 04:00,15.8356,16.2723,15.7836,16.2721,15.7850,-----,
2020/03/07 04:00,15.6405,15.7120,15.6042,15.6161,15.6531,-----,
2020/03/07 00:00,15.6984,15.7307,15.5976,15.6432,15.6664,-----,
2020/03/06 20:00,15.7016,15.7613,15.6034,15.6978,15.6495,-----,
2020/03/06 16:00,15.6108,15.7679,15.5554,15.6957,15.6314,-----,
2020/03/06 12:00,15.6847,15.7346,15.5658,15.6125,15.5980,-----,
2020/03/06 08:00,15.5575,15.6939,15.5382,15.6829,15.5439,-----,
2020/03/06 04:00,15.6080,15.6381,15.5424,15.5584,15.4561,-----,
2020/03/06 00:00,15.5297,15.6392,15.4631,15.6075,15.4009,-----,
2020/03/05 20:00,15.3385,15.5491,15.3281,15.5287,15.3290,-----,
2020/03/05 16:00,15.2442,15.3866,15.2442,15.3418,15.2762,-----,
2020/03/05 12:00,15.2831,15.2929,15.2377,15.2443,15.2756,-----,
2020/03/05 08:00,15.2480,15.3077,15.2444,15.2820,-----,-----,
2020/03/05 04:00,15.2638,15.2969,15.2367,15.2481,-----,-----,
2020/03/05 00:00,15.3409,15.3898,15.2509,15.2648,-----,-----,
2020/03/04 20:00,15.2693,15.3702,15.2270,15.3386,-----,-----,
