日付,始値,高値,安値,終値,期間A[5],期間C[25]
2020/09/03 12:00,6.316,6.334,6.314,6.331,6.326,6.323
2020/09/03 8:00,6.326,6.341,6.298,6.316,6.324,6.322
2020/09/03 4:00,6.323,6.342,6.314,6.327,6.328,6.322
2020/09/03 0:00,6.292,6.336,6.278,6.323,6.328,6.322
2020/09/02 20:00,6.325,6.341,6.276,6.292,6.331,6.322
2020/09/02 16:00,6.365,6.372,6.325,6.325,6.35,6.324
2020/09/02 12:00,6.378,6.384,6.356,6.364,6.363,6.324
2020/09/02 8:00,6.376,6.382,6.361,6.378,6.362,6.321
2020/09/02 4:00,6.356,6.382,6.35,6.376,6.354,6.316
2020/09/02 0:00,6.382,6.383,6.344,6.356,6.343,6.311
2020/09/01 20:00,6.362,6.403,6.353,6.382,6.336,6.308
2020/09/01 16:00,6.298,6.366,6.284,6.362,6.313,6.301
2020/09/01 12:00,6.279,6.307,6.274,6.297,6.288,6.296
2020/09/01 8:00,6.258,6.281,6.254,6.278,6.284,6.296
2020/09/01 4:00,6.255,6.293,6.251,6.258,6.287,6.298
2020/09/01 0:00,6.268,6.271,6.238,6.255,6.301,6.301
2020/08/31 20:00,6.335,6.354,6.262,6.266,6.324,6.305
2020/08/31 16:00,6.368,6.376,6.329,6.335,6.353,6.308
2020/08/31 12:00,6.379,6.385,6.359,6.368,6.362,6.306
2020/08/31 8:00,6.367,6.382,6.356,6.379,6.359,6.301
2020/08/31 4:00,6.397,6.397,6.366,6.368,6.348,6.294
2020/08/29 4:00,6.365,6.368,6.357,6.366,6.339,6.288
2020/08/29 0:00,6.336,6.368,6.335,6.365,6.325,6.282
2020/08/28 20:00,6.305,6.349,6.302,6.336,6.305,6.275
2020/08/28 16:00,6.283,6.312,6.273,6.306,6.289,6.27
2020/08/28 12:00,6.297,6.304,6.26,6.283,6.281,6.266
2020/08/28 8:00,6.275,6.298,6.253,6.298,6.28,6.265
2020/08/28 4:00,6.259,6.279,6.249,6.274,6.271,6.262
2020/08/28 0:00,6.263,6.267,6.239,6.259,6.27,6.261
2020/08/27 20:00,6.266,6.3,6.244,6.264,6.275,6.262
2020/08/27 16:00,6.274,6.312,6.255,6.267,6.28,6.261
2020/08/27 12:00,6.282,6.29,6.26,6.274,6.287,6.261
2020/08/27 8:00,6.295,6.299,6.281,6.283,6.293,6.26
2020/08/27 4:00,6.276,6.302,6.274,6.295,6.298,6.258
2020/08/27 0:00,6.285,6.29,6.254,6.276,6.3,6.255
2020/08/26 20:00,6.341,6.346,6.277,6.285,6.312,6.253
2020/08/26 16:00,6.304,6.345,6.29,6.342,6.326,6.25
2020/08/26 12:00,6.343,6.347,6.302,6.304,6.317,6.243
2020/08/26 8:00,6.326,6.354,6.324,6.343,6.324,6.238
2020/08/26 4:00,6.318,6.34,6.313,6.327,6.315,6.229
2020/08/26 0:00,6.333,6.34,6.301,6.32,6.308,6.221
2020/08/25 20:00,6.341,6.364,6.321,6.334,6.303,6.212
2020/08/25 16:00,6.278,6.343,6.278,6.341,6.287,6.202
2020/08/25 12:00,6.262,6.288,6.258,6.278,6.26,6.191
2020/08/25 8:00,6.267,6.267,6.249,6.262,6.251,6.183
2020/08/25 4:00,6.26,6.275,6.247,6.268,6.245,6.177
2020/08/25 0:00,6.253,6.265,6.249,6.26,6.234,6.169
2020/08/24 20:00,6.241,6.268,6.235,6.254,6.221,6.162
2020/08/24 16:00,6.21,6.241,6.205,6.241,6.204,6.154
2020/08/24 12:00,6.181,6.211,6.181,6.21,6.186,6.147
2020/08/24 8:00,6.185,6.187,6.17,6.181,6.174,6.141
2020/08/24 4:00,6.226,6.226,6.177,6.185,6.171,6.138
2020/08/22 4:00,6.175,6.186,6.175,6.176,6.164,6.134
2020/08/22 0:00,6.187,6.204,6.171,6.175,6.158,6.131
2020/08/21 20:00,6.132,6.196,6.128,6.187,6.15,6.127
2020/08/21 16:00,6.126,6.134,6.096,6.132,6.131,6.122
2020/08/21 12:00,6.134,6.143,6.124,6.126,6.13,6.121
2020/08/21 8:00,6.132,6.14,6.131,6.134,6.132,6.121
2020/08/21 4:00,6.113,6.147,6.113,6.132,6.131,6.12
2020/08/21 0:00,6.119,6.134,6.109,6.113,6.131,6.119
2020/08/20 20:00,6.161,6.164,6.118,6.119,6.14,6.119
2020/08/20 16:00,6.154,6.165,6.119,6.161,6.15,6.119
2020/08/20 12:00,6.139,6.157,6.129,6.154,6.145,6.116
2020/08/20 8:00,6.152,6.16,6.134,6.139,6.141,6.113
2020/08/20 4:00,6.158,6.19,6.147,6.154,6.142,6.11
2020/08/20 0:00,6.162,6.171,6.146,6.161,6.135,6.107
2020/08/19 20:00,6.119,6.17,6.11,6.162,6.122,6.102
2020/08/19 16:00,6.109,6.122,6.101,6.119,6.103,6.097
2020/08/19 12:00,6.093,6.115,6.089,6.109,6.095,6.096
2020/08/19 8:00,6.095,6.099,6.073,6.093,6.087,6.094
2020/08/19 4:00,6.093,6.117,6.087,6.095,6.084,6.095
2020/08/19 0:00,6.09,6.096,6.073,6.093,6.079,6.094
2020/08/18 20:00,6.068,6.1,6.062,6.09,6.072,6.095
2020/08/18 16:00,6.042,6.081,6.037,6.069,6.063,6.095
2020/08/18 12:00,6.039,6.049,6.03,6.042,6.06,6.097
2020/08/18 8:00,6.065,6.074,6.039,6.04,6.07,6.102
2020/08/18 4:00,6.062,6.08,6.051,6.066,6.084,6.107
2020/08/18 0:00,6.073,6.078,6.06,6.061,6.093,6.11
2020/08/17 20:00,6.105,6.111,6.07,6.073,6.11,6.114
2020/08/17 16:00,6.147,6.149,6.103,6.105,6.128,6.118
2020/08/17 12:00,6.139,6.152,6.135,6.147,6.139,6.119
2020/08/17 8:00,6.135,6.146,6.132,6.139,6.136,6.117
2020/08/17 4:00,6.194,6.196,6.131,6.135,6.134,6.115
2020/08/15 4:00,6.137,6.145,6.132,6.134,6.133,6.113
2020/08/15 0:00,6.135,6.143,6.123,6.138,6.133,6.111
2020/08/14 20:00,6.112,6.151,6.105,6.134,6.131,6.109
2020/08/14 16:00,6.133,6.138,6.103,6.113,6.129,6.107
2020/08/14 12:00,6.142,6.151,6.132,6.132,6.137,6.106
2020/08/14 8:00,6.144,6.149,6.128,6.142,6.139,6.104
2020/08/14 4:00,6.136,6.164,6.136,6.142,6.138,6.101
2020/08/14 0:00,6.148,6.159,6.135,6.136,6.136,6.098
2020/08/13 20:00,6.137,6.155,6.124,6.148,6.135,6.095
2020/08/13 16:00,6.126,6.149,6.104,6.137,6.129,6.09
2020/08/13 12:00,6.113,6.136,6.108,6.126,6.125,6.086
2020/08/13 8:00,6.137,6.144,6.111,6.113,6.125,6.083
2020/08/13 4:00,6.136,6.161,6.12,6.137,6.13,6.08
2020/08/13 0:00,6.16,6.163,6.13,6.136,6.127,6.076
2020/08/12 20:00,6.152,6.164,6.133,6.159,6.123,6.071
2020/08/12 16:00,6.095,6.166,6.092,6.152,6.105,6.063
2020/08/12 12:00,6.082,6.117,6.078,6.095,6.081,6.056
2020/08/12 8:00,6.093,6.097,6.075,6.081,6.074,6.053
2020/08/12 4:00,6.115,6.118,6.084,6.093,6.07,6.05
2020/08/12 0:00,6.068,6.122,6.068,6.115,6.059,6.047
2020/08/11 20:00,6.039,6.072,6.034,6.068,6.031,6.041
2020/08/11 16:00,5.999,6.053,5.998,6.039,6.012,6.039
2020/08/11 12:00,6.012,6.027,5.991,5.998,5.999,6.039
2020/08/11 8:00,5.989,6.013,5.987,6.012,5.999,6.042
2020/08/11 4:00,6,6.003,5.988,5.989,5.992,6.045
2020/08/11 0:00,5.975,6.001,5.972,6,5.994,6.049
2020/08/10 20:00,5.984,6,5.971,5.974,5.991,6.053
2020/08/10 16:00,5.981,5.997,5.963,5.984,5.999,6.06
2020/08/10 12:00,6.012,6.015,5.983,5.983,6.007,6.066
2020/08/10 8:00,6.018,6.019,5.994,6.012,6.019,6.073
2020/08/10 4:00,6.062,6.07,6.017,6.018,6.022,6.078
2020/08/08 4:00,6.019,6.022,6.01,6.017,6.024,6.083
2020/08/08 0:00,6.026,6.034,5.998,6.019,6.028,6.089
2020/08/07 20:00,6.029,6.077,5.994,6.026,6.033,6.095
2020/08/07 16:00,6.016,6.03,5.983,6.029,6.036,6.101
2020/08/07 12:00,6.038,6.039,6.009,6.016,6.039,6.107
2020/08/07 8:00,6.067,6.07,6.035,6.038,6.051,6.114
2020/08/07 4:00,6.057,6.072,6.055,6.067,6.058,6.12
2020/08/07 0:00,6.028,6.064,6.014,6.057,6.053,6.125
2020/08/06 20:00,5.995,6.052,5.977,6.028,6.051,6.13
2020/08/06 16:00,6.087,6.093,5.988,5.995,6.063,6.139
2020/08/06 12:00,6.095,6.112,6.085,6.087,6.097,6.151
2020/08/06 8:00,6.102,6.128,6.094,6.095,6.102,6.156
2020/08/06 4:00,6.09,6.13,6.088,6.102,6.106,6.161
2020/08/06 0:00,6.111,6.116,6.085,6.09,6.107,6.166
2020/08/05 20:00,6.136,6.163,6.099,6.11,6.116,6.173
2020/08/05 16:00,6.125,6.152,6.096,6.137,6.119,6.178
2020/08/05 12:00,6.097,6.124,6.092,6.124,6.11,6.181
2020/08/05 8:00,6.092,6.1,6.081,6.097,6.103,6.186
2020/08/05 4:00,6.082,6.106,6.08,6.092,6.106,6.194
2020/08/05 0:00,6.085,6.099,6.075,6.082,6.113,6.202
2020/08/04 20:00,6.089,6.105,6.06,6.085,6.128,6.212
2020/08/04 16:00,6.194,6.197,6.081,6.091,6.15,6.223
2020/08/04 12:00,6.175,6.199,6.17,6.194,6.179,6.234
2020/08/04 8:00,6.17,6.179,6.167,6.174,6.172,6.237
2020/08/04 4:00,6.168,6.185,6.165,6.17,6.171,6.242
2020/08/04 0:00,6.155,6.18,6.154,6.168,6.172,6.248
2020/08/03 20:00,6.155,6.175,6.128,6.155,6.174,6.255
2020/08/03 16:00,6.178,6.178,6.116,6.154,6.184,6.263
2020/08/03 12:00,6.207,6.217,6.174,6.177,6.198,6.272
2020/08/03 8:00,6.208,6.236,6.202,6.207,6.209,6.28
2020/08/03 4:00,6.249,6.25,6.207,6.207,6.21,6.287
2020/08/01 4:00,6.204,6.204,6.193,6.199,6.212,6.293
2020/08/01 0:00,6.214,6.24,6.202,6.205,6.218,6.301
2020/07/31 20:00,6.189,6.244,6.174,6.214,6.225,6.309
2020/07/31 16:00,6.237,6.243,6.173,6.189,6.23,6.317
2020/07/31 12:00,6.239,6.247,6.218,6.236,6.251,6.328
2020/07/31 8:00,6.256,6.277,6.233,6.239,6.258,6.335
2020/07/31 4:00,6.26,6.288,6.24,6.256,6.268,6.343
2020/07/31 0:00,6.226,6.264,6.213,6.259,6.273,6.351
2020/07/30 20:00,6.255,6.285,6.208,6.226,6.281,6.358
2020/07/30 16:00,6.303,6.303,6.242,6.255,6.308,6.369
2020/07/30 12:00,6.339,6.344,6.299,6.303,6.334,6.379
2020/07/30 8:00,6.35,6.368,6.337,6.339,6.35,6.385
2020/07/30 4:00,6.327,6.374,6.327,6.349,6.356,6.389
2020/07/30 0:00,6.365,6.373,6.324,6.327,6.359,6.392
2020/07/29 20:00,6.382,6.386,6.343,6.365,6.375,6.398
2020/07/29 16:00,6.381,6.405,6.37,6.382,6.38,6.4
2020/07/29 12:00,6.379,6.387,6.369,6.381,6.38,6.402
2020/07/29 8:00,6.375,6.385,6.364,6.378,6.379,6.404
2020/07/29 4:00,6.378,6.391,6.356,6.373,6.379,6.406
2020/07/29 0:00,6.349,6.383,6.344,6.377,6.383,6.408
2020/07/28 20:00,6.375,6.377,6.337,6.35,6.386,6.411
2020/07/28 16:00,6.413,6.424,6.359,6.375,6.403,6.416
2020/07/28 12:00,6.439,6.442,6.412,6.414,6.417,6.42
2020/07/28 8:00,6.423,6.446,6.414,6.439,6.419,6.42
2020/07/28 4:00,6.417,6.442,6.407,6.423,6.409,6.418
2020/07/28 0:00,6.415,6.426,6.407,6.417,6.402,6.418
2020/07/27 20:00,6.41,6.418,6.391,6.415,6.395,6.418
2020/07/27 16:00,6.381,6.411,6.37,6.411,6.385,6.418
2020/07/27 12:00,6.367,6.389,6.36,6.381,6.372,6.419
2020/07/27 8:00,6.359,6.379,6.355,6.367,6.368,6.422
2020/07/27 4:00,6.408,6.416,6.321,6.36,6.369,6.427
2020/07/25 4:00,6.371,6.373,6.357,6.364,6.373,6.432
2020/07/25 0:00,6.35,6.374,6.334,6.372,6.377,6.438
2020/07/24 20:00,6.349,6.368,6.328,6.349,6.38,6.443
2020/07/24 16:00,6.384,6.384,6.326,6.349,6.396,6.451
2020/07/24 12:00,6.402,6.404,6.365,6.383,6.419,6.46
2020/07/24 8:00,6.428,6.429,6.401,6.402,6.437,6.466
2020/07/24 4:00,6.414,6.473,6.405,6.433,6.455,6.472
2020/07/24 0:00,6.47,6.479,6.401,6.414,6.466,6.475
2020/07/23 20:00,6.477,6.484,6.423,6.469,6.491,6.48
2020/07/23 16:00,6.527,6.533,6.455,6.477,6.503,6.481
2020/07/23 12:00,6.5,6.53,6.499,6.527,6.515,6.481
2020/07/23 8:00,6.523,6.532,6.497,6.5,6.51,6.477
2020/07/23 4:00,6.504,6.547,6.502,6.525,6.515,6.475
2020/07/23 0:00,6.527,6.529,6.5,6.502,6.509,6.471
2020/07/22 20:00,6.507,6.551,6.506,6.526,6.513,6.469
2020/07/22 16:00,6.505,6.514,6.473,6.507,6.506,6.464
2020/07/22 12:00,6.518,6.521,6.492,6.505,6.506,6.46
2020/07/22 8:00,6.512,6.52,6.502,6.518,6.507,6.457
2020/07/22 4:00,6.525,6.535,6.5,6.512,6.501,6.452
2020/07/22 0:00,6.491,6.525,6.486,6.525,6.496,6.446
2020/07/21 20:00,6.512,6.514,6.482,6.492,6.481,6.44
2020/07/21 16:00,6.484,6.517,6.479,6.512,6.476,6.436
2020/07/21 12:00,6.456,6.485,6.45,6.484,6.458,6.429
2020/07/21 8:00,6.45,6.46,6.448,6.456,6.445,6.425
2020/07/21 4:00,6.45,6.471,6.447,6.45,6.439,6.422
2020/07/21 0:00,6.432,6.452,6.427,6.45,6.433,6.42
2020/07/20 20:00,6.427,6.435,6.404,6.432,6.425,6.417
2020/07/20 16:00,6.421,6.44,6.405,6.426,6.422,6.416
2020/07/20 12:00,6.418,6.43,6.411,6.421,6.42,6.415
2020/07/20 8:00,6.417,6.446,6.407,6.419,6.419,6.415
2020/07/20 4:00,6.459,6.512,6.417,6.418,6.419,6.414
2020/07/18 4:00,6.416,6.42,6.412,6.414,6.42,6.414
2020/07/18 0:00,6.435,6.443,6.412,6.416,6.423,6.414
2020/07/17 20:00,6.438,6.443,6.42,6.435,6.426,6.414
2020/07/17 16:00,6.402,6.439,6.399,6.439,6.421,6.412
2020/07/17 12:00,6.413,6.422,6.401,6.403,6.413,6.41
2020/07/17 8:00,6.409,6.422,6.405,6.413,6.418,6.41
2020/07/17 4:00,6.41,6.423,6.403,6.407,6.42,6.41
2020/07/17 0:00,6.442,6.444,6.406,6.41,6.426,6.41
2020/07/16 20:00,6.426,6.458,6.424,6.442,6.434,6.41
2020/07/16 16:00,6.418,6.436,6.407,6.427,6.431,6.408
2020/07/16 12:00,6.425,6.433,6.412,6.418,6.433,6.406
2020/07/16 8:00,6.451,6.453,6.419,6.426,6.44,6.405
2020/07/16 4:00,6.445,6.479,6.443,6.452,6.447,6.404
2020/07/16 0:00,6.465,6.467,6.438,6.446,6.444,6.399
2020/07/15 20:00,6.465,6.478,6.436,6.465,6.443,6.396
2020/07/15 16:00,6.424,6.466,6.419,6.465,6.432,6.39
2020/07/15 12:00,6.429,6.442,6.419,6.424,6.416,6.384
2020/07/15 8:00,6.423,6.444,6.42,6.429,6.412,6.38
2020/07/15 4:00,6.403,6.427,6.397,6.422,6.403,6.376
2020/07/15 0:00,6.389,6.412,6.381,6.402,6.394,6.372
2020/07/14 20:00,6.4,6.416,6.373,6.389,6.39,6.37
2020/07/14 16:00,6.382,6.401,6.358,6.4,6.39,6.368
2020/07/14 12:00,6.366,6.388,6.361,6.381,6.386,6.366
2020/07/14 8:00,6.378,6.382,6.359,6.366,6.388,6.364
2020/07/14 4:00,6.417,6.418,6.368,6.379,6.399,6.364
2020/07/14 0:00,6.439,6.439,6.404,6.417,6.409,6.363
2020/07/13 20:00,6.401,6.441,6.391,6.438,6.404,6.358
2020/07/13 16:00,6.404,6.407,6.371,6.401,6.388,6.352
2020/07/13 12:00,6.379,6.405,6.378,6.405,6.381,6.348
2020/07/13 8:00,6.36,6.383,6.353,6.379,6.369,6.343
2020/07/13 4:00,6.399,6.416,6.359,6.359,6.364,6.34
2020/07/11 4:00,6.384,6.39,6.377,6.383,6.367,6.338
2020/07/11 0:00,6.375,6.392,6.367,6.383,6.359,6.335
2020/07/10 20:00,6.318,6.379,6.313,6.375,6.347,6.33
2020/07/10 16:00,6.308,6.342,6.302,6.318,6.332,6.327
2020/07/10 12:00,6.348,6.351,6.302,6.308,6.339,6.328
2020/07/10 8:00,6.368,6.378,6.346,6.347,6.355,6.329
2020/07/10 4:00,6.376,6.391,6.362,6.367,6.359,6.328
2020/07/10 0:00,6.347,6.38,6.337,6.376,6.356,6.324
2020/07/09 20:00,6.37,6.39,6.346,6.347,6.345,6.32
2020/07/09 16:00,6.337,6.38,6.337,6.371,6.344,6.318
2020/07/09 12:00,6.34,6.349,6.323,6.337,6.331,6.313
2020/07/09 8:00,6.336,6.35,6.334,6.34,6.328,6.311
2020/07/09 4:00,6.332,6.354,6.33,6.335,6.322,6.309
2020/07/09 0:00,6.325,6.335,6.311,6.333,6.316,6.307
2020/07/08 20:00,6.323,6.344,6.317,6.325,6.307,6.305
2020/07/08 16:00,6.277,6.325,6.27,6.324,6.299,6.303
2020/07/08 12:00,6.285,6.288,6.253,6.278,6.286,6.301
2020/07/08 8:00,6.271,6.295,6.269,6.286,6.29,6.303
2020/07/08 4:00,6.296,6.296,6.267,6.27,6.292,6.305
2020/07/08 0:00,6.293,6.308,6.282,6.298,6.302,6.307
2020/07/07 20:00,6.292,6.32,6.287,6.294,6.305,6.308
2020/07/07 16:00,6.307,6.309,6.276,6.292,6.31,6.309
2020/07/07 12:00,6.318,6.323,6.298,6.306,6.319,6.311
2020/07/07 8:00,6.325,6.343,6.317,6.318,6.325,6.311
2020/07/07 4:00,6.318,6.355,6.312,6.324,6.329,6.311
2020/07/07 0:00,6.353,6.354,6.313,6.318,6.332,6.31
2020/07/06 20:00,6.311,6.357,6.307,6.353,6.338,6.309
2020/07/06 16:00,6.367,6.378,6.308,6.312,6.331,6.305
2020/07/06 12:00,6.348,6.379,6.346,6.368,6.341,6.305
2020/07/06 8:00,6.303,6.352,6.302,6.348,6.327,6.3
2020/07/06 4:00,6.355,6.355,6.299,6.303,6.316,6.295
2020/07/04 4:00,6.316,6.336,6.315,6.325,6.323,6.295
2020/07/04 0:00,6.31,6.347,6.302,6.315,6.322,6.292
2020/07/03 20:00,6.32,6.328,6.289,6.31,6.326,6.29
2020/07/03 16:00,6.349,6.36,6.315,6.32,6.334,6.289
2020/07/03 12:00,6.337,6.356,6.334,6.349,6.341,6.286
2020/07/03 8:00,6.34,6.343,6.327,6.337,6.337,6.281
2020/07/03 4:00,6.344,6.363,6.332,6.34,6.337,6.276
2020/07/03 0:00,6.347,6.35,6.328,6.344,6.335,6.271
2020/07/02 20:00,6.359,6.398,6.332,6.346,6.331,6.265
2020/07/02 16:00,6.326,6.365,6.321,6.36,6.323,6.258
2020/07/02 12:00,6.318,6.337,6.311,6.325,6.305,6.25
2020/07/02 8:00,6.31,6.318,6.298,6.318,6.295,6.243
2020/07/02 4:00,6.304,6.339,6.304,6.31,6.284,6.237
2020/07/02 0:00,6.309,6.317,6.285,6.304,6.271,6.231
2020/07/01 20:00,6.235,6.31,6.221,6.309,6.254,6.225
2020/07/01 16:00,6.226,6.249,6.213,6.236,6.227,6.218
2020/07/01 12:00,6.215,6.227,6.197,6.226,6.222,6.217
2020/07/01 8:00,6.224,6.243,6.213,6.215,6.22,6.216
2020/07/01 4:00,6.219,6.244,6.215,6.224,6.223,6.216
2020/07/01 0:00,6.216,6.235,6.202,6.22,6.222,6.215
2020/06/30 20:00,6.216,6.225,6.185,6.216,6.223,6.215
2020/06/30 16:00,6.223,6.231,6.195,6.217,6.227,6.215
2020/06/30 12:00,6.248,6.249,6.214,6.224,6.232,6.214
2020/06/30 8:00,6.238,6.25,6.232,6.248,6.236,6.214
2020/06/30 4:00,6.228,6.255,6.225,6.238,6.23,6.211
2020/06/30 0:00,6.232,6.234,6.216,6.228,6.226,6.208
2020/06/29 20:00,6.24,6.257,6.226,6.231,6.224,6.207
2020/06/29 16:00,6.216,6.241,6.202,6.24,6.221,6.205
2020/06/29 12:00,6.204,6.221,6.177,6.216,6.212,6.202
2020/06/29 8:00,6.213,6.218,6.188,6.204,6.209,6.201
2020/06/29 4:00,6.243,6.255,6.199,6.213,6.212,6.2
2020/06/27 4:00,6.204,6.213,6.2,6.211,6.212,6.199
2020/06/27 0:00,6.196,6.214,6.188,6.203,6.212,6.198
2020/06/26 20:00,6.209,6.213,6.174,6.197,6.217,6.198
2020/06/26 16:00,6.248,6.249,6.208,6.209,6.227,6.198
2020/06/26 12:00,6.255,6.259,6.236,6.249,6.236,6.197
2020/06/26 8:00,6.254,6.258,6.238,6.255,6.229,6.193
2020/06/26 4:00,6.242,6.282,6.239,6.257,6.216,6.188
2020/06/26 0:00,6.211,6.244,6.205,6.242,6.195,6.182
2020/06/25 20:00,6.149,6.226,6.144,6.211,6.172,6.177
2020/06/25 16:00,6.141,6.172,6.114,6.149,6.152,6.174
2020/06/25 12:00,6.152,6.166,6.139,6.141,6.154,6.176
2020/06/25 8:00,6.155,6.161,6.141,6.152,6.16,6.179
2020/06/25 4:00,6.152,6.169,6.149,6.154,6.164,6.181
2020/06/25 0:00,6.182,6.182,6.132,6.152,6.17,6.184
2020/06/24 20:00,6.155,6.207,6.138,6.181,6.179,6.186
2020/06/24 16:00,6.19,6.201,6.142,6.155,6.177,6.187
2020/06/24 12:00,6.191,6.204,6.177,6.19,6.189,6.189
2020/06/24 8:00,6.189,6.21,6.188,6.191,6.188,6.189
2020/06/24 4:00,6.183,6.209,6.179,6.19,6.186,6.189
2020/06/24 0:00,6.173,6.189,6.166,6.183,6.184,6.189
2020/06/23 20:00,6.204,6.226,6.166,6.174,6.185,6.189
2020/06/23 16:00,6.186,6.235,6.177,6.205,6.191,6.191
2020/06/23 12:00,6.195,6.201,6.166,6.187,6.183,6.19
2020/06/23 8:00,6.186,6.203,6.114,6.196,6.181,6.19
2020/06/23 4:00,6.184,6.205,6.168,6.182,6.174,6.189
2020/06/23 0:00,6.169,6.19,6.164,6.184,6.17,6.19
2020/06/22 20:00,6.159,6.2,6.138,6.169,6.163,6.19
2020/06/22 16:00,6.161,6.167,6.138,6.158,6.161,6.192
2020/06/22 12:00,6.17,6.185,6.129,6.16,6.162,6.195
2020/06/22 8:00,6.133,6.18,6.132,6.171,6.163,6.198
2020/06/22 4:00,6.157,6.16,6.123,6.133,6.159,6.2
2020/06/20 4:00,6.182,6.191,6.173,6.184,6.172,6.206
2020/06/20 0:00,6.177,6.192,6.135,6.182,6.166,6.208
2020/06/19 20:00,6.156,6.19,6.139,6.176,6.159,6.21
2020/06/19 16:00,6.153,6.168,6.128,6.155,6.15,6.213
2020/06/19 12:00,6.13,6.169,6.12,6.153,6.148,6.217
2020/06/19 8:00,6.131,6.155,6.12,6.13,6.145,6.223
2020/06/19 4:00,6.119,6.157,6.113,6.129,6.152,6.23
2020/06/19 0:00,6.123,6.137,6.101,6.119,6.164,6.239
2020/06/18 20:00,6.2,6.204,6.111,6.123,6.186,6.249
2020/06/18 16:00,6.226,6.245,6.19,6.2,6.218,6.259
2020/06/18 12:00,6.198,6.248,6.193,6.227,6.227,6.264
2020/06/18 8:00,6.234,6.244,6.187,6.197,6.226,6.267
2020/06/18 4:00,6.24,6.258,6.223,6.235,6.241,6.273
2020/06/18 0:00,6.246,6.255,6.223,6.241,6.244,6.276
2020/06/17 20:00,6.259,6.289,6.233,6.245,6.246,6.279
2020/06/17 16:00,6.244,6.288,6.231,6.258,6.246,6.282
2020/06/17 12:00,6.214,6.267,6.211,6.243,6.24,6.284
2020/06/17 8:00,6.237,6.252,6.206,6.214,6.239,6.288
2020/06/17 4:00,6.241,6.257,6.21,6.237,6.251,6.294
2020/06/17 0:00,6.226,6.268,6.218,6.241,6.259,6.299
2020/06/16 20:00,6.293,6.36,6.221,6.226,6.267,6.304
2020/06/16 16:00,6.293,6.314,6.265,6.292,6.288,6.31
2020/06/16 12:00,6.325,6.326,6.273,6.292,6.286,6.311
2020/06/16 8:00,6.286,6.327,6.281,6.326,6.283,6.313
2020/06/16 4:00,6.27,6.32,6.266,6.285,6.262,6.312
2020/06/16 0:00,6.228,6.289,6.212,6.269,6.251,6.314
2020/06/15 20:00,6.241,6.271,6.221,6.228,6.241,6.318
2020/06/15 16:00,6.223,6.25,6.204,6.241,6.248,6.326
2020/06/15 12:00,6.235,6.259,6.183,6.222,6.251,6.333
2020/06/15 8:00,6.274,6.276,6.229,6.235,6.266,6.342
2020/06/15 4:00,6.314,6.319,6.268,6.274,6.282,6.351
2020/06/13 4:00,6.301,6.307,6.297,6.3,6.286,6.357
2020/06/13 0:00,6.267,6.316,6.251,6.301,6.278,6.362
2020/06/12 20:00,6.295,6.345,6.265,6.267,6.267,6.367
2020/06/12 16:00,6.242,6.347,6.235,6.295,6.267,6.375
2020/06/12 12:00,6.205,6.301,6.2,6.24,6.253,6.382
2020/06/12 8:00,6.209,6.229,6.175,6.204,6.26,6.394
2020/06/12 4:00,6.223,6.264,6.201,6.209,6.288,6.41
2020/06/12 0:00,6.258,6.27,6.221,6.223,6.328,6.426
2020/06/11 20:00,6.401,6.401,6.254,6.258,6.38,6.443
2020/06/11 16:00,6.424,6.455,6.394,6.4,6.441,6.459
2020/06/11 12:00,6.473,6.476,6.402,6.424,6.462,6.464
2020/06/11 8:00,6.49,6.496,6.468,6.475,6.481,6.467
2020/06/11 4:00,6.501,6.548,6.476,6.49,6.484,6.466
2020/06/11 0:00,6.461,6.571,6.458,6.501,6.482,6.464
2020/06/10 20:00,6.485,6.502,6.449,6.461,6.472,6.461
2020/06/10 16:00,6.456,6.49,6.447,6.485,6.477,6.461
2020/06/10 12:00,6.487,6.49,6.452,6.457,6.473,6.459
2020/06/10 8:00,6.484,6.496,6.476,6.487,6.482,6.459
2020/06/10 4:00,6.492,6.519,6.473,6.484,6.479,6.457
2020/06/10 0:00,6.474,6.495,6.455,6.492,6.477,6.455
2020/06/09 20:00,6.455,6.491,6.441,6.474,6.469,6.452
2020/06/09 16:00,6.432,6.457,6.392,6.456,6.466,6.45
2020/06/09 12:00,6.473,6.473,6.422,6.432,6.472,6.449
2020/06/09 8:00,6.515,6.516,6.457,6.471,6.491,6.451
2020/06/09 4:00,6.485,6.536,6.483,6.514,6.502,6.449
2020/06/09 0:00,6.47,6.483,6.458,6.483,6.495,6.444
2020/06/08 20:00,6.506,6.524,6.432,6.469,6.502,6.44
2020/06/08 16:00,6.536,6.555,6.5,6.506,6.518,6.438
2020/06/08 12:00,6.525,6.54,6.515,6.536,6.524,6.432
2020/06/08 8:00,6.522,6.556,6.508,6.524,6.518,6.424
2020/06/08 4:00,6.556,6.557,6.523,6.523,6.515,6.415
2020/06/06 4:00,6.524,6.536,6.514,6.531,6.51,6.406
2020/06/06 0:00,6.511,6.539,6.501,6.524,6.5,6.396
2020/06/05 20:00,6.489,6.551,6.474,6.511,6.488,6.385
2020/06/05 16:00,6.502,6.541,6.479,6.488,6.477,6.375
2020/06/05 12:00,6.462,6.507,6.462,6.502,6.471,6.365
2020/06/05 8:00,6.466,6.468,6.449,6.462,6.455,6.354
2020/06/05 4:00,6.466,6.508,6.453,6.466,6.452,6.345
2020/06/05 0:00,6.468,6.482,6.428,6.467,6.445,6.335
2020/06/04 20:00,6.425,6.477,6.404,6.469,6.434,6.324
2020/06/04 16:00,6.409,6.428,6.391,6.424,6.416,6.311
2020/06/04 12:00,6.415,6.448,6.4,6.41,6.412,6.302
2020/06/04 8:00,6.444,6.451,6.414,6.415,6.413,6.293
2020/06/04 4:00,6.438,6.473,6.431,6.445,6.412,6.283
2020/06/04 0:00,6.436,6.458,6.426,6.438,6.395,6.269
2020/06/03 20:00,6.377,6.441,6.35,6.435,6.374,6.255
2020/06/03 16:00,6.346,6.412,6.335,6.376,6.344,6.24
2020/06/03 12:00,6.35,6.371,6.341,6.348,6.327,6.229
2020/06/03 8:00,6.333,6.374,6.333,6.35,6.317,6.219
2020/06/03 4:00,6.338,6.368,6.325,6.331,6.3,6.208
2020/06/03 0:00,6.351,6.352,6.311,6.341,6.285,6.198
2020/06/02 20:00,6.26,6.358,6.243,6.352,6.257,6.186
2020/06/02 16:00,6.18,6.26,6.171,6.26,6.21,6.172
2020/06/02 12:00,6.189,6.21,6.175,6.179,6.185,6.165
2020/06/02 8:00,6.196,6.206,6.183,6.188,6.188,6.164
2020/06/02 4:00,6.188,6.248,6.184,6.2,6.187,6.162
2020/06/02 0:00,6.203,6.205,6.173,6.188,6.181,6.158
2020/06/01 20:00,6.168,6.205,6.156,6.204,6.178,6.156
2020/06/01 16:00,6.188,6.203,6.122,6.168,6.165,6.152
2020/06/01 12:00,6.18,6.209,6.167,6.188,6.163,6.151
2020/06/01 8:00,6.132,6.191,6.126,6.181,6.15,6.148
2020/06/01 4:00,6.177,6.18,6.127,6.132,6.135,6.145
2020/05/30 4:00,6.132,6.155,6.131,6.149,6.137,6.146
2020/05/30 0:00,6.114,6.154,6.104,6.13,6.131,6.146
2020/05/29 20:00,6.123,6.156,6.11,6.113,6.131,6.147
2020/05/29 16:00,6.11,6.14,6.083,6.122,6.14,6.15
2020/05/29 12:00,6.15,6.153,6.11,6.111,6.149,6.152
2020/05/29 8:00,6.164,6.166,6.136,6.15,6.168,6.155
2020/05/29 4:00,6.176,6.197,6.143,6.157,6.176,6.156
2020/05/29 0:00,6.175,6.209,6.168,6.175,6.186,6.156
2020/05/28 20:00,6.185,6.221,6.167,6.174,6.192,6.154
2020/05/28 16:00,6.21,6.217,6.17,6.186,6.2,6.152
2020/05/28 12:00,6.229,6.239,6.205,6.211,6.208,6.15
2020/05/28 8:00,6.209,6.236,6.205,6.229,6.206,6.145
2020/05/28 4:00,6.197,6.236,6.194,6.205,6.195,6.138
2020/05/28 0:00,6.182,6.202,6.17,6.199,6.189,6.132
2020/05/27 20:00,6.204,6.218,6.166,6.182,6.184,6.126
2020/05/27 16:00,6.165,6.206,6.134,6.204,6.186,6.122
2020/05/27 12:00,6.184,6.195,6.149,6.165,6.177,6.115
2020/05/27 8:00,6.181,6.191,6.171,6.185,6.182,6.111
2020/05/27 4:00,6.203,6.24,6.176,6.181,6.181,6.104
2020/05/27 0:00,6.2,6.218,6.178,6.203,6.181,6.098
2020/05/26 20:00,6.188,6.205,6.172,6.201,6.17,6.089
2020/05/26 16:00,6.171,6.204,6.165,6.188,6.155,6.08
2020/05/26 12:00,6.137,6.18,6.135,6.171,6.138,6.071
2020/05/26 8:00,6.115,6.141,6.106,6.137,6.122,6.063
2020/05/26 4:00,6.112,6.152,6.108,6.115,6.114,6.056
2020/05/26 0:00,6.1,6.12,6.095,6.112,6.113,6.052
2020/05/25 20:00,6.125,6.125,6.078,6.099,6.114,6.047
2020/05/25 16:00,6.123,6.138,6.101,6.125,6.121,6.042
2020/05/25 12:00,6.131,6.149,6.123,6.124,6.12,6.035
2020/05/25 8:00,6.129,6.143,6.122,6.131,6.117,6.028
2020/05/25 4:00,6.143,6.147,6.122,6.129,6.11,6.019
2020/05/23 4:00,6.11,6.123,6.108,6.12,6.101,6.01
2020/05/23 0:00,6.073,6.12,6.065,6.11,6.092,6.001
2020/05/22 20:00,6.094,6.111,6.044,6.073,6.082,5.992
2020/05/22 16:00,6.067,6.096,6.015,6.095,6.087,5.985
2020/05/22 12:00,6.109,6.111,6.066,6.067,6.083,5.976
2020/05/22 8:00,6.119,6.141,6.107,6.109,6.091,5.968
2020/05/22 4:00,6.123,6.165,6.113,6.122,6.082,5.957
2020/05/22 0:00,6.104,6.138,6.08,6.124,6.063,5.943
2020/05/21 20:00,6.019,6.155,6.019,6.105,6.032,5.928
2020/05/21 16:00,5.983,6.033,5.976,6.02,5.995,5.913
2020/05/21 12:00,5.985,5.995,5.974,5.984,5.983,5.904
2020/05/21 8:00,6.012,6.013,5.982,5.985,5.982,5.897
2020/05/21 4:00,6.012,6.042,5.998,6.011,5.981,5.89
2020/05/21 0:00,5.99,6.012,5.977,6.012,5.966,5.88
2020/05/20 20:00,5.972,6.002,5.962,5.991,5.943,5.869
2020/05/20 16:00,5.89,5.995,5.887,5.973,5.919,5.859
2020/05/20 12:00,5.892,5.905,5.875,5.889,5.892,5.849
2020/05/20 8:00,5.883,5.907,5.883,5.892,5.894,5.846
2020/05/20 4:00,5.912,5.946,5.874,5.884,5.895,5.842
2020/05/20 0:00,5.927,5.93,5.9,5.912,5.9,5.839
2020/05/19 20:00,5.915,5.942,5.903,5.927,5.894,5.833
2020/05/19 16:00,5.892,5.916,5.87,5.915,5.878,5.825
2020/05/19 12:00,5.853,5.895,5.845,5.894,5.86,5.817
2020/05/19 8:00,5.857,5.868,5.848,5.853,5.842,5.811
2020/05/19 4:00,5.853,5.89,5.851,5.857,5.837,5.807
2020/05/19 0:00,5.84,5.86,5.823,5.853,5.827,5.803
2020/05/18 20:00,5.815,5.86,5.808,5.84,5.814,5.799
2020/05/18 16:00,5.815,5.831,5.787,5.816,5.801,5.796
2020/05/18 12:00,5.792,5.824,5.783,5.815,5.794,5.794
2020/05/18 8:00,5.774,5.796,5.766,5.792,5.783,5.792
2020/05/18 4:00,5.807,5.81,5.772,5.774,5.779,5.792
2020/05/16 4:00,5.776,5.777,5.77,5.77,5.781,5.794
2020/05/16 0:00,5.785,5.802,5.769,5.775,5.786,5.796
2020/05/15 20:00,5.782,5.816,5.753,5.784,5.792,5.798
2020/05/15 16:00,5.815,5.846,5.778,5.781,5.796,5.799
2020/05/15 12:00,5.818,5.821,5.802,5.813,5.803,5.8
2020/05/15 8:00,5.818,5.833,5.812,5.818,5.798,5.799
2020/05/15 4:00,5.79,5.853,5.788,5.818,5.788,5.798
2020/05/15 0:00,5.757,5.792,5.755,5.791,5.773,5.796
2020/05/14 20:00,5.738,5.767,5.705,5.758,5.764,5.796
2020/05/14 16:00,5.762,5.791,5.733,5.739,5.767,5.799
2020/05/14 12:00,5.774,5.789,5.746,5.761,5.781,5.804
2020/05/14 8:00,5.788,5.793,5.765,5.775,5.791,5.808
2020/05/14 4:00,5.761,5.826,5.761,5.788,5.798,5.811
2020/05/14 0:00,5.808,5.816,5.759,5.76,5.804,5.813
2020/05/13 20:00,5.827,5.857,5.805,5.809,5.825,5.817
2020/05/13 16:00,5.824,5.839,5.778,5.828,5.833,5.818
2020/05/13 12:00,5.833,5.857,5.824,5.824,5.836,5.817
2020/05/13 8:00,5.819,5.837,5.806,5.833,5.842,5.816
2020/05/13 4:00,5.85,5.855,5.814,5.822,5.847,5.815
2020/05/13 0:00,5.886,5.892,5.842,5.849,5.859,5.814
2020/05/12 20:00,5.884,5.913,5.867,5.886,5.864,5.812
2020/05/12 16:00,5.825,5.885,5.82,5.884,5.853,5.805
2020/05/12 12:00,5.826,5.841,5.806,5.826,5.838,5.799
2020/05/12 8:00,5.855,5.857,5.821,5.826,5.843,5.797
2020/05/12 4:00,5.861,5.896,5.844,5.857,5.852,5.794
2020/05/12 0:00,5.855,5.875,5.846,5.861,5.849,5.789
2020/05/11 20:00,5.831,5.866,5.817,5.856,5.844,5.783
2020/05/11 16:00,5.879,5.888,5.822,5.83,5.837,5.777
2020/05/11 12:00,5.855,5.882,5.847,5.879,5.841,5.772
2020/05/11 8:00,5.829,5.858,5.828,5.855,5.822,5.763
2020/05/11 4:00,5.848,5.857,5.825,5.828,5.806,5.756
2020/05/09 4:00,5.818,5.824,5.815,5.818,5.795,5.75
2020/05/09 0:00,5.813,5.826,5.798,5.818,5.783,5.744
2020/05/08 20:00,5.768,5.85,5.757,5.813,5.765,5.738
2020/05/08 16:00,5.731,5.776,5.731,5.768,5.741,5.732
2020/05/08 12:00,5.745,5.749,5.728,5.731,5.728,5.729
2020/05/08 8:00,5.73,5.749,5.725,5.745,5.727,5.728
2020/05/08 4:00,5.721,5.761,5.701,5.731,5.718,5.727
2020/05/08 0:00,5.72,5.746,5.713,5.72,5.711,5.727
2020/05/07 20:00,5.724,5.761,5.706,5.719,5.707,5.727
2020/05/07 16:00,5.682,5.75,5.675,5.725,5.701,5.728
2020/05/07 12:00,5.693,5.709,5.663,5.682,5.688,5.728
2020/05/07 8:00,5.645,5.697,5.64,5.693,5.692,5.732
2020/05/07 4:00,5.68,5.752,5.639,5.649,5.691,5.735
2020/05/07 0:00,5.657,5.692,5.637,5.68,5.712,5.742
2020/05/06 20:00,5.735,5.744,5.654,5.658,5.728,5.748
2020/05/06 16:00,5.797,5.799,5.723,5.736,5.763,5.755
2020/05/06 12:00,5.739,5.805,5.737,5.798,5.777,5.757
2020/05/06 8:00,5.761,5.766,5.729,5.739,5.766,5.753
2020/05/06 4:00,5.789,5.827,5.755,5.761,5.779,5.755
2020/05/06 0:00,5.804,5.809,5.75,5.788,5.788,5.754
2020/05/05 20:00,5.816,5.835,5.785,5.804,5.789,5.751
2020/05/05 16:00,5.797,5.832,5.786,5.816,5.781,5.747
2020/05/05 12:00,5.774,5.809,5.77,5.797,5.764,5.741
2020/05/05 8:00,5.77,5.782,5.757,5.774,5.747,5.736
2020/05/05 4:00,5.737,5.878,5.735,5.771,5.734,5.733
2020/05/05 0:00,5.731,5.743,5.709,5.737,5.715,5.73
2020/05/04 20:00,5.719,5.747,5.709,5.731,5.704,5.729
2020/05/04 16:00,5.676,5.725,5.651,5.718,5.69,5.729
2020/05/04 12:00,5.654,5.677,5.634,5.676,5.676,5.73
2020/05/04 8:00,5.665,5.669,5.634,5.654,5.676,5.735
2020/05/04 4:00,5.746,5.746,5.664,5.664,5.687,5.742
2020/05/02 4:00,5.671,5.688,5.671,5.686,5.699,5.748
2020/05/02 0:00,5.67,5.701,5.657,5.671,5.705,5.753
2020/05/01 20:00,5.689,5.709,5.663,5.671,5.722,5.76
2020/05/01 16:00,5.732,5.747,5.658,5.69,5.747,5.767
2020/05/01 12:00,5.728,5.743,5.72,5.732,5.776,5.774
2020/05/01 8:00,5.831,5.833,5.719,5.729,5.798,5.777
2020/05/01 4:00,5.796,5.851,5.778,5.831,5.833,5.781
2020/05/01 0:00,5.823,5.845,5.739,5.796,5.834,5.777
2020/04/30 20:00,5.893,5.917,5.824,5.824,5.853,5.776
2020/04/30 16:00,5.883,5.924,5.878,5.893,5.867,5.772
2020/04/30 12:00,5.862,5.884,5.859,5.883,5.854,5.762
2020/04/30 8:00,5.874,5.884,5.857,5.863,5.84,5.751
2020/04/30 4:00,5.876,5.915,5.871,5.872,5.828,5.742
2020/04/30 0:00,5.831,5.911,5.824,5.877,5.806,5.731
2020/04/29 20:00,5.749,5.846,5.748,5.83,5.771,5.719
2020/04/29 16:00,5.751,5.778,5.736,5.749,5.742,5.71
2020/04/29 12:00,5.741,5.755,5.731,5.75,5.738,5.707
2020/04/29 8:00,5.742,5.748,5.731,5.741,5.732,5.703
2020/04/29 4:00,5.732,5.797,5.719,5.744,5.728,5.7
2020/04/29 0:00,5.723,5.743,5.712,5.731,5.72,5.696
2020/04/28 20:00,5.744,5.748,5.713,5.724,5.715,5.693
2020/04/28 16:00,5.681,5.749,5.679,5.744,5.71,5.691
2020/04/28 12:00,5.7,5.705,5.681,5.681,5.693,5.686
2020/04/28 8:00,5.709,5.716,5.683,5.7,5.699,5.687
2020/04/28 4:00,5.715,5.748,5.702,5.709,5.698,5.686
2020/04/28 0:00,5.688,5.719,5.685,5.715,5.692,5.684
2020/04/27 20:00,5.691,5.715,5.684,5.689,5.681,5.681
2020/04/27 16:00,5.69,5.697,5.668,5.692,5.677,5.68
2020/04/27 12:00,5.671,5.703,5.66,5.691,5.669,5.679
2020/04/27 8:00,5.647,5.676,5.645,5.67,5.658,5.679
2020/04/27 4:00,5.692,5.693,5.646,5.648,5.652,5.679
2020/04/25 4:00,5.649,5.65,5.636,5.637,5.654,5.682
2020/04/25 0:00,5.665,5.675,5.639,5.65,5.662,5.686
2020/04/24 20:00,5.712,5.712,5.656,5.666,5.668,5.689
2020/04/24 16:00,5.635,5.718,5.62,5.712,5.669,5.69
2020/04/24 12:00,5.651,5.654,5.615,5.634,5.648,5.689
2020/04/24 8:00,5.633,5.659,5.631,5.651,5.654,5.693
2020/04/24 4:00,5.659,5.667,5.63,5.633,5.656,5.697
2020/04/24 0:00,5.671,5.681,5.624,5.659,5.668,5.702
2020/04/23 20:00,5.643,5.689,5.632,5.672,5.672,5.706
2020/04/23 16:00,5.699,5.704,5.615,5.644,5.672,5.708
2020/04/23 12:00,5.663,5.717,5.663,5.699,5.686,5.714
2020/04/23 8:00,5.677,5.692,5.661,5.663,5.68,5.715
2020/04/23 4:00,5.67,5.741,5.664,5.676,5.688,5.719
2020/04/23 0:00,5.696,5.699,5.66,5.671,5.694,5.723
2020/04/22 20:00,5.755,5.755,5.694,5.697,5.706,5.727
2020/04/22 16:00,5.693,5.755,5.685,5.755,5.71,5.73
2020/04/22 12:00,5.684,5.703,5.648,5.697,5.687,5.728
2020/04/22 8:00,5.685,5.693,5.663,5.684,5.682,5.73
2020/04/22 4:00,5.676,5.727,5.675,5.679,5.682,5.734
2020/04/22 0:00,5.672,5.712,5.657,5.677,5.683,5.739
2020/04/21 20:00,5.652,5.717,5.65,5.672,5.686,5.744
2020/04/21 16:00,5.698,5.703,5.621,5.652,5.693,5.75
2020/04/21 12:00,5.708,5.72,5.692,5.698,5.714,5.758
2020/04/21 8:00,5.732,5.744,5.695,5.708,5.721,5.763
2020/04/21 4:00,5.711,5.789,5.706,5.734,5.728,5.768
2020/04/21 0:00,5.747,5.752,5.707,5.711,5.725,5.77
2020/04/20 20:00,5.726,5.764,5.724,5.747,5.732,5.775
2020/04/20 16:00,5.701,5.751,5.69,5.726,5.725,5.778
2020/04/20 12:00,5.744,5.746,5.697,5.7,5.724,5.782
2020/04/20 8:00,5.754,5.758,5.72,5.744,5.736,5.789
2020/04/20 4:00,5.764,5.771,5.723,5.738,5.732,5.793
2020/04/18 4:00,5.726,5.738,5.718,5.721,5.729,5.797
2020/04/18 0:00,5.698,5.736,5.685,5.725,5.733,5.803
2020/04/17 20:00,5.747,5.759,5.687,5.699,5.737,5.81
2020/04/17 16:00,5.756,5.769,5.712,5.747,5.755,5.819
2020/04/17 12:00,5.764,5.797,5.738,5.756,5.759,5.825
2020/04/17 8:00,5.77,5.809,5.752,5.762,5.761,5.831
2020/04/17 4:00,5.705,5.803,5.69,5.77,5.761,5.837
2020/04/17 0:00,5.773,5.791,5.693,5.705,5.756,5.842
2020/04/16 20:00,5.794,5.819,5.744,5.772,5.782,5.854
2020/04/16 16:00,5.8,5.807,5.766,5.795,5.786,5.861
2020/04/16 12:00,5.768,5.804,5.763,5.799,5.782,5.866
2020/04/16 8:00,5.764,5.782,5.755,5.767,5.774,5.872
2020/04/16 4:00,5.76,5.812,5.746,5.764,5.777,5.88
2020/04/16 0:00,5.757,5.77,5.733,5.761,5.784,5.89
2020/04/15 20:00,5.752,5.785,5.72,5.758,5.795,5.901
2020/04/15 16:00,5.784,5.797,5.723,5.753,5.813,5.913
2020/04/15 12:00,5.847,5.858,5.784,5.785,5.844,5.926
2020/04/15 8:00,5.87,5.871,5.838,5.848,5.873,5.938
2020/04/15 4:00,5.857,5.892,5.853,5.868,5.885,5.945
2020/04/15 0:00,5.866,5.872,5.809,5.857,5.894,5.952
2020/04/14 20:00,5.88,5.895,5.842,5.866,5.913,5.96
2020/04/14 16:00,5.968,5.996,5.856,5.88,5.936,5.968
2020/04/14 12:00,5.966,5.992,5.95,5.967,5.964,5.975
2020/04/14 8:00,5.952,5.972,5.929,5.967,5.963,5.975
2020/04/14 4:00,5.955,5.988,5.942,5.949,5.961,5.976
2020/04/14 0:00,5.938,5.968,5.923,5.955,5.967,5.978
2020/04/13 20:00,5.972,5.996,5.93,5.938,5.973,5.98
2020/04/13 16:00,5.979,5.984,5.957,5.973,5.99,5.984
2020/04/13 12:00,5.975,5.986,5.945,5.979,5.999,5.985
2020/04/13 8:00,6.021,6.039,5.971,5.974,6.009,5.985
2020/04/13 4:00,6.067,6.113,5.998,6.02,6.026,5.986
2020/04/11 4:00,6.027,6.047,6.027,6.038,6.029,5.983
2020/04/11 0:00,6.026,6.046,6.01,6.028,6.025,5.979
2020/04/10 20:00,6.02,6.058,6.02,6.023,6.023,5.975
2020/04/10 16:00,6.034,6.044,6.014,6.023,6.023,5.971
2020/04/10 12:00,6.019,6.035,6.008,6.029,6.023,5.966
2020/04/10 8:00,6.027,6.038,6.009,6.018,6.02,5.961
2020/04/10 4:00,6.001,6.071,5.992,6.023,6.021,5.956
2020/04/10 0:00,6.075,6.076,5.993,6.001,6.02,5.951
2020/04/09 20:00,6.041,6.098,6.015,6.075,6.029,5.947
2020/04/09 16:00,6.003,6.051,6.003,6.04,6.007,5.936
2020/04/09 12:00,5.995,6.003,5.964,6.003,5.99,5.927
2020/04/09 8:00,5.996,6.017,5.981,5.995,5.984,5.921
2020/04/09 4:00,5.987,6.044,5.96,5.995,5.978,5.915
2020/04/09 0:00,5.981,6.038,5.94,5.986,5.969,5.908
2020/04/08 20:00,5.972,6.004,5.961,5.98,5.961,5.902
2020/04/08 16:00,5.932,6.008,5.904,5.973,5.952,5.895
2020/04/08 12:00,5.948,5.956,5.915,5.931,5.941,5.889
2020/04/08 8:00,5.987,5.989,5.919,5.949,5.946,5.885
2020/04/08 4:00,5.97,6.04,5.948,5.977,5.945,5.88
2020/04/08 0:00,5.959,6.025,5.951,5.97,5.929,5.872
2020/04/07 20:00,5.965,6.03,5.928,5.959,5.908,5.864
2020/04/07 16:00,5.879,5.988,5.879,5.965,5.883,5.856
2020/04/07 12:00,5.836,5.886,5.805,5.879,5.842,5.847
2020/04/07 8:00,5.869,5.894,5.807,5.834,5.824,5.844
2020/04/07 4:00,5.873,5.928,5.837,5.859,5.818,5.845
2020/04/07 0:00,5.839,5.889,5.825,5.874,5.798,5.844
2020/04/06 20:00,5.781,5.845,5.764,5.839,5.76,5.841
2020/04/06 16:00,5.703,5.804,5.699,5.78,5.721,5.841
2020/04/06 12:00,5.641,5.724,5.624,5.704,5.691,5.846
2020/04/06 8:00,5.634,5.704,5.617,5.643,5.685,5.858
2020/04/06 4:00,5.722,5.727,5.624,5.634,5.706,5.876
2020/04/04 4:00,5.687,5.717,5.679,5.7,5.742,5.896
2020/04/04 0:00,5.772,5.78,5.678,5.689,5.763,5.913
2020/04/03 20:00,5.769,5.838,5.755,5.773,5.8,5.931
2020/04/03 16:00,5.796,5.806,5.757,5.769,5.813,5.944
2020/04/03 12:00,5.824,5.831,5.792,5.796,5.835,5.959
2020/04/03 8:00,5.875,5.912,5.818,5.821,5.854,5.973
2020/04/03 4:00,5.827,5.918,5.821,5.891,5.871,5.985
2020/04/03 0:00,5.842,5.86,5.792,5.826,5.861,5.993
2020/04/02 20:00,5.849,5.883,5.751,5.843,5.878,6.007
2020/04/02 16:00,5.921,5.924,5.837,5.849,5.895,6.021
2020/04/02 12:00,5.892,5.935,5.888,5.921,5.919,6.035
2020/04/02 8:00,5.882,5.901,5.872,5.891,5.917,6.045
2020/04/02 4:00,5.884,5.921,5.86,5.879,5.93,6.057
2020/04/02 0:00,5.962,5.979,5.881,5.884,5.956,6.072
2020/04/01 20:00,5.984,6.012,5.958,5.962,5.992,6.088
2020/04/01 16:00,5.957,5.994,5.956,5.983,6.007,6.099
2020/04/01 12:00,6.046,6.049,5.952,5.958,6.019,6.108
2020/04/01 8:00,6.05,6.068,6.01,6.046,6.05,6.121
2020/04/01 4:00,6.053,6.075,6.015,6.05,6.052,6.127
2020/04/01 0:00,6.048,6.104,6.026,6.052,6.053,6.133
2020/03/31 20:00,6.097,6.099,6.043,6.048,6.054,6.14
2020/03/31 16:00,6.018,6.107,6.011,6.097,6.056,6.148
2020/03/31 12:00,6.065,6.067,6.013,6.017,6.036,6.152
2020/03/31 8:00,6.035,6.071,6.016,6.065,6.046,6.163
2020/03/31 4:00,6.019,6.069,6.018,6.035,6.036,6.171
2020/03/31 0:00,6.025,6.031,5.997,6.018,6.036,6.183
2020/03/30 20:00,6.053,6.085,5.989,6.025,6.046,6.197
2020/03/30 16:00,6.011,6.07,5.999,6.056,6.056,6.211
2020/03/30 12:00,6.002,6.034,5.972,6.011,6.056,6.224
2020/03/30 8:00,6.012,6.057,5.981,6.002,6.079,6.241
2020/03/30 4:00,5.99,6.058,5.99,6.013,6.117,6.261
2020/03/28 4:00,6.145,6.153,6.116,6.12,6.169,6.282
2020/03/28 0:00,6.139,6.181,6.117,6.144,6.193,6.296
2020/03/27 20:00,6.198,6.218,6.126,6.14,6.218,6.308
2020/03/27 16:00,6.231,6.243,6.197,6.197,6.257,6.322
2020/03/27 12:00,6.26,6.281,6.228,6.23,6.287,6.333
2020/03/27 8:00,6.348,6.348,6.252,6.261,6.315,6.341
2020/03/27 4:00,6.336,6.371,6.318,6.348,6.342,6.348
2020/03/27 0:00,6.321,6.36,6.306,6.335,6.339,6.348
2020/03/26 20:00,6.289,6.337,6.254,6.322,6.341,6.349
2020/03/26 16:00,6.331,6.338,6.252,6.289,6.351,6.351
2020/03/26 12:00,6.382,6.402,6.329,6.331,6.382,6.357
2020/03/26 8:00,6.446,6.46,6.379,6.389,6.407,6.359
2020/03/26 4:00,6.446,6.479,6.42,6.446,6.416,6.356
2020/03/26 0:00,6.395,6.482,6.388,6.443,6.401,6.349
2020/03/25 20:00,6.403,6.418,6.366,6.395,6.38,6.341
2020/03/25 16:00,6.4,6.464,6.379,6.403,6.372,6.336
2020/03/25 12:00,6.315,6.405,6.302,6.399,6.357,6.331
2020/03/25 8:00,6.391,6.396,6.304,6.316,6.336,6.325
2020/03/25 4:00,6.385,6.42,6.358,6.391,6.346,6.326
2020/03/25 0:00,6.326,6.416,6.303,6.384,6.323,6.32
2020/03/24 20:00,6.288,6.353,6.263,6.326,6.292,6.315
2020/03/24 16:00,6.281,6.309,6.222,6.287,6.276,6.314
2020/03/24 12:00,6.269,6.292,6.228,6.28,6.27,6.317
2020/03/24 8:00,6.269,6.295,6.233,6.269,6.265,6.32
2020/03/24 4:00,6.273,6.298,6.238,6.268,6.263,6.324
2020/03/24 0:00,6.255,6.319,6.241,6.272,6.261,6.328
2020/03/23 20:00,6.248,6.3,6.221,6.252,6.255,6.333
2020/03/23 16:00,6.206,6.258,6.157,6.248,6.257,6.34
2020/03/23 12:00,6.228,6.254,6.19,6.203,6.261,6.348
2020/03/23 8:00,6.273,6.297,6.204,6.218,6.291,6.36
2020/03/23 4:00,6.35,6.391,6.273,6.273,6.327,6.371
2020/03/21 4:00,6.367,6.385,6.323,6.327,6.354,6.38
2020/03/21 0:00,6.393,6.398,6.331,6.366,6.367,6.384
2020/03/20 20:00,6.349,6.401,6.317,6.394,6.368,6.385
2020/03/20 16:00,6.352,6.4,6.33,6.352,6.355,6.385
2020/03/20 12:00,6.372,6.404,6.295,6.355,6.356,6.388
2020/03/20 8:00,6.418,6.449,6.328,6.373,6.357,6.39
2020/03/20 4:00,6.343,6.435,6.317,6.419,6.349,6.392
2020/03/20 0:00,6.312,6.393,6.307,6.345,6.314,6.389
2020/03/19 20:00,6.302,6.448,6.283,6.312,6.298,6.393
2020/03/19 16:00,6.229,6.35,6.226,6.3,6.292,6.4
2020/03/19 12:00,6.263,6.398,6.204,6.228,6.287,6.408
2020/03/19 8:00,6.327,6.504,6.258,6.258,6.317,6.423
2020/03/19 4:00,6.296,6.363,6.277,6.318,6.347,6.437
2020/03/19 0:00,6.333,6.359,6.194,6.297,6.361,6.447
2020/03/18 20:00,6.331,6.387,6.277,6.333,6.393,6.459
2020/03/18 16:00,6.424,6.424,6.328,6.332,6.423,6.47
2020/03/18 12:00,6.486,6.496,6.389,6.425,6.469,6.481
2020/03/18 8:00,6.532,6.544,6.462,6.492,6.49,6.486
2020/03/18 4:00,6.51,6.58,6.476,6.532,6.49,6.486
2020/03/18 0:00,6.452,6.515,6.434,6.514,6.468,6.482
2020/03/17 20:00,6.455,6.502,6.383,6.453,6.446,6.479
2020/03/17 16:00,6.454,6.516,6.392,6.454,6.442,6.481
2020/03/17 12:00,6.43,6.468,6.377,6.45,6.436,6.483
2020/03/17 8:00,6.433,6.537,6.391,6.424,6.429,6.486
2020/03/17 4:00,6.374,6.433,6.339,6.433,6.431,6.491
2020/03/17 0:00,6.413,6.456,6.342,6.375,6.43,6.496
2020/03/16 20:00,6.357,6.417,6.301,6.413,6.458,6.506
2020/03/16 16:00,6.481,6.483,6.327,6.355,6.481,6.514
2020/03/16 12:00,6.572,6.619,6.46,6.482,6.544,6.527
2020/03/16 8:00,6.512,6.641,6.489,6.573,6.574,6.531
2020/03/16 4:00,6.657,6.711,6.505,6.512,6.575,6.528
2020/03/14 4:00,6.667,6.723,6.637,6.701,6.607,6.529
2020/03/14 0:00,6.616,6.671,6.541,6.669,6.56,6.515
2020/03/13 20:00,6.574,6.704,6.562,6.617,6.505,6.502
2020/03/13 16:00,6.417,6.601,6.401,6.574,6.449,6.492
2020/03/13 12:00,6.34,6.532,6.326,6.421,6.387,6.485
2020/03/13 8:00,6.371,6.38,6.317,6.34,6.369,6.491
2020/03/13 4:00,6.398,6.443,6.332,6.372,6.384,6.503
2020/03/13 0:00,6.377,6.592,6.357,6.411,6.39,6.514
2020/03/12 20:00,6.339,6.409,6.285,6.379,6.38,6.523
2020/03/12 16:00,6.333,6.378,6.289,6.339,6.38,6.535
2020/03/12 12:00,6.292,6.363,6.28,6.334,6.4,6.551
2020/03/12 8:00,6.5,6.503,6.28,6.291,6.433,6.569
2020/03/12 4:00,6.453,6.502,6.405,6.502,6.505,6.592
2020/03/12 0:00,6.497,6.528,6.447,6.452,6.506,6.6
2020/03/11 20:00,6.54,6.554,6.48,6.497,6.533,6.612
2020/03/11 16:00,6.518,6.591,6.515,6.541,6.551,6.622
2020/03/11 12:00,6.571,6.581,6.497,6.519,6.556,6.628
2020/03/11 8:00,6.626,6.631,6.545,6.575,6.575,6.637
2020/03/11 4:00,6.596,6.689,6.595,6.626,6.574,6.643
2020/03/11 0:00,6.472,6.627,6.421,6.595,6.549,6.644
2020/03/10 20:00,6.657,6.674,6.465,6.472,6.525,6.648
2020/03/10 16:00,6.605,6.701,6.497,6.658,6.552,6.663
2020/03/10 12:00,6.497,6.661,6.483,6.609,6.499,6.663
2020/03/10 8:00,6.407,6.574,6.398,6.497,6.444,6.668
2020/03/10 4:00,6.341,6.427,6.317,6.407,6.418,6.682
2020/03/10 0:00,6.447,6.483,6.3,6.344,6.423,6.705
2020/03/09 20:00,6.409,6.484,6.327,6.448,6.463,6.735
2020/03/09 16:00,6.371,6.466,6.247,6.408,6.471,6.759
2020/03/09 12:00,6.366,6.491,6.303,6.373,6.502,6.788
2020/03/09 8:00,6.488,6.577,6.05,6.367,6.567,6.823
2020/03/09 4:00,6.615,6.665,6.389,6.484,6.667,6.861
2020/03/07 4:00,6.748,6.769,6.7,6.761,6.758,6.892
2020/03/07 0:00,6.7,6.767,6.688,6.748,6.757,6.903
2020/03/06 20:00,6.717,6.768,6.673,6.701,6.762,6.916
2020/03/06 16:00,6.787,6.813,6.669,6.718,6.792,6.934
2020/03/06 12:00,6.755,6.805,6.725,6.788,6.829,6.952
2020/03/06 8:00,6.848,6.848,6.75,6.755,6.849,6.966
2020/03/06 4:00,6.825,6.869,6.791,6.851,6.897,6.983
2020/03/06 0:00,6.876,6.916,6.798,6.825,6.919,6.994
2020/03/05 20:00,6.965,6.983,6.862,6.876,6.967,7.008
2020/03/05 16:00,7.042,7.042,6.958,6.965,7.012,7.019
2020/03/05 12:00,7.021,7.045,7.016,7.042,7.035,7.024
2020/03/05 8:00,7.083,7.083,7.014,7.021,7.032,7.022
2020/03/05 4:00,7.046,7.086,7.018,7.083,7.037,7.022
2020/03/05 0:00,7.006,7.052,6.976,7.045,7.014,7.017
2020/03/04 20:00,7.043,7.066,6.975,6.994,6.999,7.015
2020/03/04 16:00,6.994,7.064,6.965,7.043,7.002,7.017
2020/03/04 12:00,6.987,7.01,6.971,6.994,6.981,7.015
2020/03/04 8:00,6.993,6.998,6.94,6.988,6.975,7.016
2020/03/04 4:00,6.958,6.999,6.934,6.997,6.968,7.019
2020/03/04 0:00,6.921,7.073,6.921,6.958,6.954,7.021
2020/03/03 20:00,6.93,6.97,6.897,6.923,6.952,7.026
2020/03/03 16:00,6.989,7,6.914,6.93,6.967,7.034
2020/03/03 12:00,7.002,7.027,6.948,6.988,6.985,7.043
2020/03/03 8:00,7.056,7.068,6.977,7.001,6.983,7.048
2020/03/03 4:00,6.988,7.085,6.942,7.057,6.975,7.051
2020/03/03 0:00,6.885,6.992,6.85,6.99,6.933,7.051
2020/03/02 20:00,6.892,6.906,6.847,6.885,6.905,7.056
2020/03/02 16:00,6.959,7.018,6.885,6.892,6.915,7.07
2020/03/02 12:00,6.938,6.963,6.911,6.96,6.927,7.085
2020/03/02 8:00,6.798,6.949,6.798,6.938,6.91,7.096
2020/03/02 4:00,6.825,6.852,6.798,6.798,6.896,7.109
2020/02/29 4:00,6.859,6.925,6.827,6.925,6.946,7.135
2020/02/29 0:00,6.936,6.955,6.851,6.86,6.956,7.152
2020/02/28 20:00,6.97,7.01,6.933,6.936,7.004,7.177
2020/02/28 16:00,6.989,7.022,6.915,6.97,7.038,7.197
2020/02/28 12:00,7.044,7.046,6.961,6.988,7.071,7.215
2020/02/28 8:00,7.107,7.109,7.041,7.044,7.113,7.234
2020/02/28 4:00,7.133,7.141,7.08,7.107,7.148,7.25
2020/02/28 0:00,7.132,7.183,7.094,7.133,7.168,7.262
2020/02/27 20:00,7.168,7.18,7.11,7.133,7.186,7.273
2020/02/27 16:00,7.229,7.236,7.158,7.167,7.212,7.285
2020/02/27 12:00,7.215,7.229,7.184,7.228,7.235,7.294
2020/02/27 8:00,7.255,7.255,7.204,7.215,7.238,7.3
2020/02/27 4:00,7.211,7.256,7.207,7.255,7.249,7.307
2020/02/27 0:00,7.305,7.334,7.2,7.212,7.247,7.311
2020/02/26 20:00,7.207,7.326,7.205,7.305,7.264,7.32
2020/02/26 16:00,7.244,7.264,7.184,7.207,7.243,7.321
2020/02/26 12:00,7.264,7.283,7.241,7.244,7.262,7.33
2020/02/26 8:00,7.274,7.279,7.224,7.264,7.27,7.338
2020/02/26 4:00,7.212,7.286,7.201,7.273,7.274,7.344
2020/02/26 0:00,7.268,7.276,7.21,7.211,7.274,7.35
2020/02/25 20:00,7.273,7.302,7.253,7.269,7.305,7.361
2020/02/25 16:00,7.362,7.369,7.247,7.272,7.324,7.369
2020/02/25 12:00,7.342,7.366,7.32,7.362,7.35,7.377
2020/02/25 8:00,7.341,7.361,7.322,7.342,7.343,7.378
2020/02/25 4:00,7.305,7.347,7.3,7.342,7.344,7.381
2020/02/25 0:00,7.323,7.33,7.292,7.305,7.345,7.385
2020/02/24 20:00,7.358,7.376,7.304,7.322,7.365,7.391
2020/02/24 16:00,7.388,7.391,7.338,7.358,7.387,7.397
2020/02/24 12:00,7.386,7.412,7.384,7.387,7.401,7.4
2020/02/24 8:00,7.397,7.429,7.385,7.386,7.409,7.401
2020/02/24 4:00,7.418,7.437,7.397,7.397,7.42,7.403
2020/02/22 4:00,7.446,7.463,7.443,7.449,7.431,7.403
2020/02/22 0:00,7.409,7.48,7.395,7.444,7.422,7.399
2020/02/21 20:00,7.405,7.446,7.392,7.41,7.411,7.396
2020/02/21 16:00,7.406,7.41,7.345,7.404,7.412,7.394
2020/02/21 12:00,7.403,7.426,7.398,7.406,7.416,7.394
2020/02/21 8:00,7.452,7.462,7.399,7.403,7.421,7.393
2020/02/21 4:00,7.42,7.466,7.405,7.453,7.431,7.392
2020/02/21 0:00,7.435,7.435,7.369,7.419,7.419,7.387
2020/02/20 20:00,7.425,7.439,7.393,7.427,7.42,7.384
2020/02/20 16:00,7.402,7.433,7.375,7.425,7.416,7.38
2020/02/20 12:00,7.409,7.413,7.39,7.401,7.411,7.377
2020/02/20 8:00,7.457,7.46,7.399,7.409,7.416,7.375
2020/02/20 4:00,7.464,7.488,7.42,7.459,7.42,7.372
2020/02/20 0:00,7.397,7.467,7.387,7.467,7.401,7.364
2020/02/19 20:00,7.382,7.408,7.376,7.398,7.368,7.356
2020/02/19 16:00,7.352,7.391,7.348,7.382,7.353,7.352
2020/02/19 12:00,7.344,7.361,7.342,7.351,7.338,7.35
2020/02/19 8:00,7.351,7.352,7.32,7.344,7.331,7.35
2020/02/19 4:00,7.313,7.361,7.306,7.351,7.325,7.35
2020/02/19 0:00,7.313,7.343,7.308,7.313,7.312,7.35
2020/02/18 20:00,7.28,7.319,7.279,7.313,7.311,7.353
2020/02/18 16:00,7.301,7.315,7.274,7.28,7.31,7.357
2020/02/18 12:00,7.306,7.312,7.297,7.299,7.325,7.363
2020/02/18 8:00,7.347,7.349,7.303,7.306,7.338,7.368
2020/02/18 4:00,7.345,7.375,7.337,7.347,7.354,7.374
2020/02/18 0:00,7.329,7.349,7.322,7.345,7.358,7.376
2020/02/17 20:00,7.372,7.384,7.32,7.329,7.364,7.378
2020/02/17 16:00,7.395,7.396,7.362,7.373,7.382,7.382
2020/02/17 12:00,7.391,7.402,7.389,7.395,7.386,7.383
2020/02/17 8:00,7.384,7.393,7.368,7.391,7.382,7.382
2020/02/17 4:00,7.411,7.411,7.375,7.385,7.377,7.381
2020/02/15 4:00,7.358,7.379,7.354,7.368,7.373,7.381
2020/02/15 0:00,7.393,7.405,7.356,7.358,7.376,7.382
2020/02/14 20:00,7.393,7.409,7.381,7.393,7.385,7.384
2020/02/14 16:00,7.375,7.408,7.374,7.393,7.381,7.384
2020/02/14 12:00,7.369,7.384,7.351,7.375,7.375,7.383
2020/02/14 8:00,7.375,7.378,7.342,7.369,7.375,7.383
2020/02/14 4:00,7.372,7.38,7.35,7.373,7.379,7.385
2020/02/14 0:00,7.382,7.39,7.35,7.374,7.381,7.386
2020/02/13 20:00,7.368,7.414,7.359,7.382,7.385,7.387
2020/02/13 16:00,7.353,7.392,7.337,7.368,7.387,7.387
2020/02/13 12:00,7.399,7.403,7.345,7.353,7.396,7.389
2020/02/13 8:00,7.443,7.445,7.379,7.397,7.418,7.392
2020/02/13 4:00,7.411,7.448,7.408,7.443,7.428,7.391
2020/02/13 0:00,7.421,7.44,7.393,7.411,7.42,7.387
2020/02/12 20:00,7.429,7.456,7.408,7.421,7.425,7.385
2020/02/12 16:00,7.436,7.48,7.422,7.43,7.427,7.382
2020/02/12 12:00,7.44,7.44,7.426,7.437,7.425,7.378
2020/02/12 8:00,7.448,7.448,7.413,7.44,7.419,7.373
2020/02/12 4:00,7.427,7.457,7.409,7.449,7.408,7.367
2020/02/12 0:00,7.387,7.436,7.387,7.427,7.388,7.36
2020/02/11 20:00,7.39,7.398,7.366,7.387,7.368,7.355
2020/02/11 16:00,7.354,7.401,7.337,7.391,7.359,7.352
2020/02/11 12:00,7.353,7.367,7.348,7.354,7.343,7.349
2020/02/11 8:00,7.366,7.366,7.332,7.352,7.337,7.348
2020/02/11 4:00,7.324,7.367,7.317,7.365,7.33,7.348
2020/02/11 0:00,7.302,7.328,7.298,7.324,7.313,7.347
2020/02/10 20:00,7.311,7.323,7.267,7.303,7.307,7.349
2020/02/10 16:00,7.312,7.338,7.284,7.31,7.309,7.352
2020/02/10 12:00,7.316,7.339,7.309,7.313,7.308,7.356
2020/02/10 8:00,7.284,7.321,7.267,7.318,7.306,7.359
2020/02/10 4:00,7.319,7.328,7.282,7.284,7.3,7.363
2020/02/08 4:00,7.279,7.293,7.272,7.292,7.307,7.369
2020/02/08 0:00,7.261,7.294,7.249,7.28,7.315,7.376
2020/02/07 20:00,7.318,7.394,7.255,7.26,7.332,7.384
2020/02/07 16:00,7.388,7.39,7.297,7.318,7.369,7.394
2020/02/07 12:00,7.372,7.396,7.369,7.388,7.394,7.401
2020/02/07 8:00,7.406,7.411,7.358,7.371,7.397,7.402
2020/02/07 4:00,7.383,7.41,7.362,7.407,7.41,7.404
2020/02/07 0:00,7.404,7.406,7.372,7.384,7.411,7.404
2020/02/06 20:00,7.401,7.45,7.383,7.403,7.424,7.406
2020/02/06 16:00,7.466,7.468,7.387,7.401,7.435,7.406
2020/02/06 12:00,7.45,7.479,7.449,7.465,7.452,7.406
2020/02/06 8:00,7.471,7.472,7.439,7.45,7.446,7.401
2020/02/06 4:00,7.433,7.473,7.428,7.47,7.444,7.397
2020/02/06 0:00,7.451,7.454,7.411,7.433,7.43,7.391
2020/02/05 20:00,7.465,7.482,7.436,7.451,7.429,7.388
2020/02/05 16:00,7.388,7.48,7.374,7.464,7.418,7.382
2020/02/05 12:00,7.389,7.393,7.378,7.387,7.395,7.376
2020/02/05 8:00,7.442,7.444,7.384,7.389,7.399,7.375
2020/02/05 4:00,7.414,7.445,7.404,7.442,7.404,7.373
2020/02/05 0:00,7.425,7.431,7.402,7.413,7.385,7.368
2020/02/04 20:00,7.38,7.425,7.367,7.425,7.37,7.364
2020/02/04 16:00,7.355,7.408,7.333,7.38,7.343,7.359
2020/02/04 12:00,7.321,7.359,7.31,7.355,7.325,7.357
2020/02/04 8:00,7.335,7.336,7.293,7.321,7.31,7.357
2020/02/04 4:00,7.3,7.341,7.296,7.334,7.304,7.36
2020/02/04 0:00,7.332,7.333,7.268,7.3,7.289,7.362
2020/02/03 20:00,7.276,7.32,7.276,7.315,7.284,7.368
2020/02/03 16:00,7.257,7.305,7.248,7.277,7.268,7.372
2020/02/03 12:00,7.252,7.261,7.233,7.258,7.264,7.38
2020/02/03 8:00,7.261,7.27,7.221,7.252,7.267,7.39
2020/02/03 4:00,7.276,7.281,7.256,7.262,7.275,7.401
2020/02/01 4:00,7.236,7.245,7.212,7.227,7.281,7.413
2020/02/01 0:00,7.285,7.296,7.221,7.236,7.308,7.429
2020/01/31 20:00,7.329,7.334,7.278,7.286,7.344,7.445
2020/01/31 16:00,7.386,7.402,7.313,7.33,7.373,7.458
2020/01/31 12:00,7.391,7.397,7.362,7.386,7.395,7.469
2020/01/31 8:00,7.414,7.414,7.382,7.392,7.399,7.475
2020/01/31 4:00,7.332,7.418,7.327,7.413,7.402,7.482
2020/01/31 0:00,7.391,7.399,7.317,7.331,7.397,7.488
2020/01/30 20:00,7.431,7.431,7.374,7.391,7.43,7.501
2020/01/30 16:00,7.425,7.454,7.399,7.431,7.449,7.51
2020/01/30 12:00,7.445,7.456,7.421,7.426,7.459,7.517
2020/01/30 8:00,7.491,7.494,7.443,7.445,7.475,7.525
2020/01/30 4:00,7.523,7.526,7.459,7.491,7.49,7.531
2020/01/30 0:00,7.477,7.485,7.457,7.481,7.489,7.535
2020/01/29 20:00,7.485,7.498,7.456,7.477,7.493,7.539
2020/01/29 16:00,7.516,7.516,7.463,7.485,7.501,7.544
2020/01/29 12:00,7.515,7.519,7.502,7.516,7.509,7.549
2020/01/29 8:00,7.548,7.548,7.501,7.515,7.506,7.552
2020/01/29 4:00,7.496,7.551,7.495,7.547,7.501,7.555
2020/01/29 0:00,7.463,7.507,7.453,7.495,7.478,7.556
2020/01/28 20:00,7.435,7.467,7.402,7.465,7.469,7.561
2020/01/28 16:00,7.488,7.507,7.405,7.435,7.471,7.569
2020/01/28 12:00,7.468,7.492,7.46,7.488,7.489,7.58
2020/01/28 8:00,7.49,7.493,7.46,7.468,7.49,7.587
2020/01/28 4:00,7.473,7.494,7.455,7.491,7.501,7.597
2020/01/28 0:00,7.489,7.492,7.433,7.473,7.506,-----
2020/01/27 20:00,7.487,7.517,7.471,7.49,7.522,-----
2020/01/27 16:00,7.539,7.545,7.475,7.488,7.538,-----
2020/01/27 12:00,7.546,7.56,7.53,7.539,7.563,-----
2020/01/27 8:00,7.561,7.568,7.531,7.544,7.575,-----
2020/01/27 4:00,7.583,7.605,7.56,7.561,7.591,-----
2020/01/25 4:00,7.581,7.61,7.565,7.598,7.606,-----
2020/01/25 0:00,7.606,7.606,7.565,7.581,7.61,-----
2020/01/24 20:00,7.65,7.658,7.601,7.606,7.624,-----
2020/01/24 16:00,7.624,7.665,7.604,7.649,7.633,-----
2020/01/24 12:00,7.613,7.634,7.612,7.624,7.625,-----
2020/01/24 8:00,7.65,7.65,7.604,7.613,7.626,-----
2020/01/24 4:00,7.612,7.668,7.607,7.649,7.632,-----
2020/01/24 0:00,7.6,7.617,7.571,7.612,7.624,-----
2020/01/23 20:00,7.632,7.643,7.59,7.599,7.63,-----
2020/01/23 16:00,7.636,7.682,7.629,7.632,7.645,-----
2020/01/23 12:00,7.662,7.662,7.623,7.636,7.652,-----
2020/01/23 8:00,7.704,7.704,7.651,7.661,7.66,-----
2020/01/23 4:00,7.669,7.704,7.667,7.703,7.659,-----
2020/01/23 0:00,7.673,7.689,7.638,7.669,7.637,-----
2020/01/22 20:00,7.605,7.678,7.604,7.67,-----,-----
2020/01/22 16:00,7.624,7.625,7.585,7.606,-----,-----
2020/01/22 12:00,7.618,7.629,7.601,7.623,-----,-----
2020/01/22 8:00,7.615,7.62,7.58,7.618,-----,-----